"Class","stewartERR2027890","shiSRR873458","shiSRR873455","stewartERR2027917","shiSRR873463","wallaceERR983265","shiSRR873599","wallaceERR983268","stewartERR2027895","hessSRR094166","stewartERR2027928","stewartERR2027923","shiSRR873457","hessSRR094424","shiSRR873597","shiSRR873452","hessSRR094418","shiSRR873460","stewartERR2027903","stewartERR2027908","shiSRR873602","shiSRR873596","stewartERR2027927","stewartERR2027929","stewartERR2027912","wallaceERR983264","shiSRR873459","shiSRR873606","shiSRR873604","stewartERR2027909","stewartERR2027920","shiSRR873454","shiSRR873462","stewartERR2027889","stewartERR2027916","shiSRR873464","stewartERR2027891","shiSRR873595","stewartERR2027900","hessSRR094416","shiSRR873609","wallaceERR983263","hessSRR094415","stewartERR2027925","shiSRR1222431","stewartERR2027898","stewartERR2027918","shiSRR873456","hessSRR094419","hessSRR094403","shiSRR873598","shiSRR873605","stewartERR2027926","hessSRR094417","stewartERR2027915","stewartERR2027897","shiSRR873607","stewartERR2027924","stewartERR2027902","wallaceERR2027890","shiSRR1222429","wallaceERR2530126","wallaceERR2027889","stewartERR2027899","shiSRR1267595","stewartERR2027919","shiSRR873608","shiSRR873451","hessSRR094428","shiSRR873601","stewartERR2027910","stewartERR2027907","hessSRR094427","shiSRR873610","wallaceERR983269","stewartERR2027921","hessSRR094405","wallaceERR983266","shiSRR873465","stewartERR2027913","wallaceERR983262","stewartERR2027905","shiSRR873461","stewartERR2027911","shiSRR873453","stewartERR2027914","stewartERR2027901","wallaceERR983267","stewartERR2027893","stewartERR2027892","shiSRR873603","stewartERR2027904","stewartERR2027896","stewartERR2027894","wallaceERR2530127","stewartERR2027906","wallaceERR2282092","stewartERR2027930","stewartERR2027922","shiSRR873600","shiSRR873450"
"Thermoprotei",7264,982,548,4007,390,7676,11360,3566,5348,399,6272,3824,563,4584,23393,437,364,687,3516,4343,12233,9941,4741,3762,6290,2739,485,12248,10439,2812,5431,434,820,9069,5098,491,7598,9400,3627,378,12881,2582,476,4117,10941,7343,4247,380,285,392,13706,9847,3584,411,3987,12827,11603,5410,4728,3548,36,768,9069,4202,8761,3713,11707,407,4475,11411,4156,3928,249,13423,2067,4457,439,2281,724,5021,2265,2550,643,4906,590,4554,4511,3160,5183,3169,3217,3310,9883,2791,1063,1499,3536,5516,3570,18195,255
"Archaeoglobi",808,119,408,774,106,836,1753,740,835,140,851,697,86,1546,3734,216,111,95,481,980,2017,1846,937,711,1050,1015,145,2033,2631,798,977,56,384,1002,1283,114,723,1738,425,151,2163,662,135,797,2475,1379,638,76,80,131,2987,2124,742,151,789,1485,2363,821,862,406,14,463,1002,1645,1461,819,2359,128,1516,1418,841,656,87,2421,623,703,132,376,118,882,465,928,195,853,146,906,976,671,828,1100,585,920,1488,914,547,781,1524,829,766,2220,52
"Halobacteria",11918,2407,1114,14573,1567,4258,31040,12548,11560,3401,16386,13008,1730,25386,39296,1620,3505,2271,10926,17376,28680,30855,19669,15184,20006,14226,1724,33504,38980,13472,19701,1271,1751,14678,19776,1859,11177,35062,12267,3412,45726,10082,3688,12990,49596,11541,12780,1265,1357,3346,24928,39260,14006,3715,14161,16301,38457,17117,16592,5508,238,9672,14678,15809,23889,19018,38476,1515,28750,36902,13479,10046,1540,34768,10166,18204,3523,4884,2283,15947,5696,15884,2238,14060,3182,20294,12670,10926,11664,16951,10299,16771,22493,16970,7528,14428,32985,11590,16118,37084,1139
"Methanobacteria",174069,30601,18997,570442,5603,785601,190224,582148,129536,10863,667798,366050,2254,173827,617288,2214,10355,7230,205814,584443,263350,190076,518347,418053,693117,97036,21756,135551,409027,286886,806335,1086,27840,301685,632731,11632,213762,283153,159532,10534,408835,245046,14458,576903,270870,283775,671686,2424,24384,10617,218877,386003,419505,11045,570462,739893,557315,1139036,678713,83701,1244,2688,301685,152638,87808,434749,294659,5771,129394,437406,382197,294522,17014,373507,547612,319822,11160,142074,14529,636370,116941,327612,39958,566689,3228,529419,306327,440748,211992,180375,90617,138142,334080,121853,7044,158934,208872,253106,326771,544847,2409
"Methanococci",6201,347,450,5617,183,12989,9028,4392,5647,174,7644,4126,207,3132,26788,121,144,197,3622,5371,13748,9870,5557,4248,7818,3225,324,6981,7876,3455,7338,72,454,8982,6041,295,7576,12351,4126,151,9374,3547,211,5594,7886,8461,6586,97,193,159,16169,9009,4214,147,5295,13490,11107,9437,6684,3017,44,278,8982,5151,7942,3920,10212,144,2320,12473,4576,3969,109,12012,3897,4320,157,2268,274,6475,3244,3290,268,5679,116,5517,5582,4117,5189,3801,3648,4163,8273,3237,1110,2632,2170,5615,3974,19375,117
"Methanomicrobia",11622,1910,2206,10869,1374,13941,27169,10672,9958,2467,13527,10524,1585,35169,44585,1193,2472,1510,9946,11915,32250,26868,12904,11839,15512,10200,1660,25246,31961,12235,14867,847,2036,14547,14842,1314,10641,30169,9708,2411,34476,8879,2702,9965,33462,13216,9652,737,3258,2345,26488,30736,9816,2505,11038,17143,33759,13705,12159,5685,198,6634,14547,12585,19726,12837,33151,1129,32320,32073,10834,12188,2931,28666,8192,12831,2461,6976,1735,13121,6957,8893,1723,11704,2016,13387,10752,9499,9902,9608,8110,12945,19194,9591,7141,9564,19951,10970,10996,34760,867
"Methanopyri",137,25,24,165,19,67,205,166,76,48,162,139,23,359,567,11,54,39,47,153,328,281,179,209,217,98,18,251,334,94,146,20,24,153,162,24,95,290,61,31,501,99,45,136,530,69,119,48,22,40,222,475,135,46,161,131,342,131,155,71,1,82,153,101,181,217,393,28,353,451,100,38,18,286,136,158,34,82,24,169,82,122,18,145,26,195,79,122,44,68,65,148,195,54,42,59,204,123,154,400,14
"Thermococci",4006,1088,648,4160,868,3996,13783,4083,4028,772,4811,4656,1031,7676,17679,819,770,971,3385,4793,14300,11996,5179,4574,5882,4832,1150,11029,14543,4510,5876,667,917,4827,6013,869,3379,12523,4755,768,15356,4215,847,3780,15338,6852,3565,548,396,802,11130,14152,4050,771,4553,5507,14488,4921,4969,1921,77,2948,4827,5785,10268,5049,15091,733,7767,13372,4557,4426,429,13170,3048,5687,807,2302,1167,4807,2616,5397,983,4388,1167,5354,4141,3514,4159,5272,3568,6219,7191,5587,2838,3970,9739,3876,4173,14452,521
"Thermoplasmata",15896,13641,4422,10044,10402,5081,158231,16232,16798,5748,10196,12995,6049,107402,204294,4258,5649,10737,21474,31432,243264,128326,12615,10031,11110,7749,10047,142074,224624,12264,14290,4394,8173,25735,12321,8564,16732,127833,11044,5586,83805,12685,6457,6478,198054,24886,7027,3733,13156,5644,119357,146563,6317,5838,9660,15943,180814,12823,9641,7223,811,6690,25735,6790,96449,11613,197963,5126,99352,75887,19652,7245,12025,163170,8656,14549,5680,5615,9959,9247,3715,20469,10162,15495,6599,13615,12700,9094,23892,21270,46402,5299,45449,9992,3999,9270,15530,16789,10513,133655,3385
"Nitrososphaeria",1154,283,401,758,122,1317,4022,614,1093,154,1096,819,105,1823,11632,109,105,90,677,1727,4737,4119,899,669,1118,1785,153,4345,3367,1054,1008,72,113,1516,882,105,1184,3272,1724,123,4530,439,155,954,3458,2472,837,68,99,125,2145,3642,617,122,757,2166,4541,949,925,564,18,300,1516,1252,1338,657,4515,104,1592,3855,771,750,76,2325,410,702,112,289,118,935,1109,1858,198,951,158,827,2299,618,2212,1687,1431,1960,3062,1488,659,892,1476,1021,1315,8117,21
"Acidobacteria subdivision 6",1544,438,161,1896,345,483,4364,1447,1220,428,2137,1328,300,3524,6212,320,460,472,934,2070,6252,3965,2799,1713,2460,966,289,4406,5606,1691,2309,237,277,1832,2450,336,1571,5327,1553,429,5395,1075,463,1627,6215,1215,1718,298,242,458,4469,5397,1856,432,1573,2314,4823,2109,2214,707,44,1218,1832,1281,2857,2243,6605,271,3918,5741,1546,1494,209,4037,1395,2222,397,584,335,1994,633,1047,432,1513,547,2699,938,1507,1372,1540,1440,1509,2771,1309,1270,1022,3640,1313,2127,4792,241
"Acidobacteriia",7137,2955,1416,8054,1780,3293,23070,8279,7057,1939,9007,7649,2500,17573,27734,2198,1987,2666,7128,10384,22199,22613,10485,8561,10868,10178,1982,24347,27691,9247,11164,1412,1745,8260,10944,2022,6276,25287,8032,1963,30411,6588,2152,6859,30864,9020,6957,1728,1035,1978,21347,27522,7777,2018,8591,8710,26944,9911,9212,3379,152,6394,8260,8804,17813,9884,27830,1453,18589,24898,7819,7590,1076,24979,6344,10680,1885,3407,2938,8357,4426,9176,2690,7837,3635,10845,7787,6787,6757,9038,7106,10316,13745,9098,6535,8715,18988,7181,8767,29869,1200
"Blastocatellia",546,126,77,645,74,311,1666,641,570,158,656,657,89,1429,2537,104,158,129,761,752,1192,1148,870,679,809,552,93,1671,2299,1233,919,70,79,671,888,141,465,1663,680,161,2329,457,157,593,2829,737,548,113,81,172,1731,2518,526,158,770,760,1779,744,729,271,14,696,671,651,1481,741,1840,63,1659,2867,578,454,86,1562,479,1080,185,263,127,773,318,488,102,679,227,853,607,557,545,691,478,952,1265,504,527,612,1618,530,666,1903,59
"Solibacteres",1699,355,244,1713,254,545,3952,1645,1082,515,1944,1523,230,4060,6558,192,459,362,1569,1938,2866,4228,2422,1830,2282,1582,320,4312,5361,1595,2372,219,271,1939,2486,276,1323,5086,1438,499,4958,1138,506,1493,5958,1715,1435,230,252,446,3377,5113,1629,522,1692,1960,4635,2413,2158,801,34,628,1939,1651,3500,2207,5021,192,4549,4938,1467,1485,270,4355,1270,2173,456,533,340,1919,887,1394,304,1867,533,2307,1144,1325,1426,1356,1462,1745,2204,1330,691,796,2567,1523,1993,5707,167
"Acidimicrobiia",299,122,40,392,73,131,812,285,257,95,346,266,40,839,706,82,101,75,263,385,532,796,486,327,405,356,41,654,907,187,406,58,73,344,488,49,322,593,382,92,1097,305,98,272,1027,371,277,57,60,105,615,1021,255,111,306,452,881,375,360,131,4,260,344,431,334,370,1548,53,1028,987,302,268,76,1013,248,354,105,114,104,393,216,256,45,252,67,475,215,314,222,417,266,322,460,652,245,429,893,293,344,937,33
"Actinobacteria",536906,134278,57623,533031,85289,144300,1148722,460201,406293,133476,610557,546851,103466,927506,1380541,76728,131953,119390,1321318,635228,1078348,1174375,707632,1302695,707977,475246,87340,1120773,1418799,1508509,700098,73408,84793,570737,729437,101030,407376,1264304,469938,132146,1737825,402948,139501,496132,1888011,433391,420520,68699,52291,129829,917128,1452976,512884,138568,608385,593616,1412947,595695,740876,248930,8391,340536,570737,486343,738619,692033,1439825,72889,1028925,1387974,513552,395978,60389,1148832,390926,1001007,132430,250085,120789,580257,244324,496820,115918,557058,147751,719844,405847,402122,412239,543564,351264,534583,977290,566201,294279,478011,1551698,503112,612524,1324285,60279
"Coriobacteriia",135047,58998,91129,168627,25111,90507,849675,126273,258611,29599,159708,165734,60353,192369,2473441,48315,28518,41335,251196,178462,860099,1137262,177430,183956,203770,302854,27391,207458,500794,640176,216960,40598,30115,154670,254834,34397,87128,1837093,207635,29092,693367,187878,31058,130990,692769,244268,121228,48738,13033,28367,1579442,537756,133033,30318,182494,167995,631899,201093,169742,62528,4248,197394,154670,245355,325301,204833,397668,62298,208747,1149180,187615,500197,14814,362259,117698,321958,29224,76938,33841,170505,118064,302633,33438,192234,147429,196597,427291,117341,114282,200670,178628,366491,200767,200828,147260,578102,1807799,120304,165736,1818312,81942
"Nitriliruptoria",2644,1750,360,3164,598,727,6580,2791,2673,863,3339,2750,643,6826,8048,626,909,1151,2229,3418,5642,6025,4325,3409,4272,2712,681,7996,9628,2026,4088,417,547,3516,4348,749,2333,7432,2881,814,11349,2695,954,2541,12427,2019,2583,528,435,853,5185,9145,3057,899,3260,3584,8854,3165,3829,1214,68,1817,3516,3340,5411,4125,9266,485,7464,9122,3250,2018,456,7940,2489,4368,868,1252,998,3320,994,3425,1020,3365,1154,4428,2215,2541,1949,3756,2149,2438,5171,3549,1676,2726,7011,2682,3644,7353,393
"Rubrobacteria",3233,926,427,4246,566,1106,10458,3682,3312,1176,4447,3692,656,8678,11545,591,1073,753,2739,4365,9842,8121,5523,4438,5611,4216,607,10124,12622,3646,5325,405,604,4220,5627,583,3150,11288,4740,1113,15071,3515,1215,3398,16380,3537,3156,529,446,1089,9744,13235,4084,1220,4107,4571,12526,4376,4722,1473,62,2210,4220,3818,6980,5385,13270,491,9844,13206,3892,3806,565,10516,3284,5799,1057,1452,746,4585,1863,3651,752,4301,1072,5943,3173,3390,2970,4681,3315,4393,6999,5205,2127,3705,10021,3185,4944,10726,554
"Thermoleophilia",1303,309,103,1654,200,326,2994,1151,987,389,1739,1367,247,2514,3054,169,371,256,738,1542,2700,2676,2489,1523,2187,1060,251,2946,3868,1219,2202,182,184,1637,2287,248,1272,3482,1483,368,4752,1005,424,1298,5730,1215,1166,139,113,377,2299,4314,1606,403,1645,1949,3873,1693,2052,614,21,647,1637,1492,1438,2309,4118,157,3021,3518,1430,1215,159,3449,1087,2158,323,445,269,1892,688,1292,232,1561,361,2419,1048,1172,1002,1415,1055,1463,2416,1376,586,1551,4169,1185,1988,2923,156
"Aquificae",3296,827,436,3090,464,4336,11188,3077,2807,464,3809,3085,662,5579,17921,543,378,570,2169,3237,9096,9031,3622,3267,4274,3305,446,8674,8773,3039,4238,375,557,4503,4362,705,3330,8447,3119,391,9513,2963,464,2658,8608,6190,2552,379,336,427,8852,8762,2851,436,3275,5249,9356,3621,3705,1558,61,1369,4503,4442,8099,3216,11737,504,5385,9905,3103,5210,297,11504,2307,3819,432,3138,720,3966,2281,2600,714,3277,907,3860,2817,2963,3134,2817,2795,3737,5406,2592,1808,2538,3538,3459,3104,13192,248
"Chthonomonadetes",277,136,59,277,85,127,2064,528,297,84,402,308,70,993,1238,67,85,128,260,392,799,1266,451,443,475,253,88,1338,1717,845,435,66,77,369,584,181,287,978,366,81,1487,260,67,338,1712,600,330,47,34,79,705,1760,303,82,369,376,1577,434,490,132,9,233,369,297,1276,363,1433,41,990,1003,422,144,58,1418,291,523,77,363,193,446,233,295,141,441,92,448,280,383,315,352,466,513,495,414,360,203,1183,464,376,2116,33
"Fimbriimonadia",700,484,162,737,160,292,3362,825,588,235,911,682,244,2286,2376,133,231,277,773,810,3211,2258,1123,743,1045,685,128,2299,2618,534,1032,203,176,928,1139,160,629,2159,879,217,2737,726,247,672,2994,1173,700,135,140,244,2114,2730,703,227,648,954,2898,749,964,349,13,326,928,696,1270,1042,2657,121,2340,2171,821,601,149,2395,735,915,237,327,285,953,348,478,222,847,320,1084,490,814,644,635,947,516,1171,614,355,583,1185,646,860,3735,86
"Bacteroidia",1834614,785906,511599,1058220,410263,1609603,5906248,2259942,1527620,103526,1420955,1864712,650148,1311952,6436061,776594,100026,691816,3688283,2615827,4883035,7227268,1960481,1161962,1429581,1298382,747535,8044139,7286290,2236201,2056533,382335,504283,1128076,1595036,541543,810466,5672356,1685444,101003,5291260,1113017,114417,1398178,5122936,2679744,1775647,478573,131612,100705,4934310,5313372,1399619,105488,1038537,1659335,5037740,2421002,1898435,866950,37182,2175657,1128076,1676845,6281558,1068454,4997849,585890,1225780,6830934,1388967,1180106,118091,6929535,653623,1530803,102026,1041950,1049157,1279431,1590451,1999859,1027355,1285119,1030224,1559283,1727682,1086470,2294427,1285937,1322608,2124615,1518958,1195065,2441995,1968407,2926709,1699810,1099817,7995266,400910
"Chitinophagia",31063,9599,5722,23956,5351,17714,101545,35693,24751,5726,30873,29605,7798,58463,132770,8957,5482,10231,38648,37677,94195,94535,38124,27927,33641,24464,8406,106491,106197,33429,38020,4937,6293,30158,34696,6746,23514,89871,32521,5469,98486,23561,6003,24845,101618,41692,28222,6775,3486,5458,90533,105619,26234,5834,23699,34165,93207,40487,33906,14650,640,25079,30158,29345,94441,29206,100907,5175,58815,113868,27602,24479,3515,88145,18602,34275,5497,16320,9594,28775,17363,25632,10228,26122,13848,35671,26378,23497,35459,24745,25383,30766,44083,21595,24087,31328,47408,28223,26649,122650,4381
"Cytophagia",91919,30180,16124,64873,17284,46030,271530,93895,70733,15311,84715,79887,23730,162788,346660,30294,15064,27142,106559,113519,244814,285436,100370,76016,88132,55929,27641,327550,305287,76449,106504,14684,22029,83719,96070,21976,73705,245061,89571,15308,302663,65191,16957,69240,311692,110823,79438,19866,9990,14990,272471,283550,69369,16026,66706,94819,255335,110753,90167,43353,1928,67066,83719,65328,282554,79069,299308,19118,162456,328408,77492,55315,9892,270580,51821,90720,15453,46301,32913,79406,37431,63944,34924,74623,37362,97282,59046,64672,96185,68781,68399,72070,121481,55575,60588,68996,109530,77167,71592,326852,12385
"Flavobacteriia",169678,39149,20386,104772,17606,177212,440113,133712,133659,13729,153189,125947,21812,220821,653603,28831,13216,29109,173371,148215,372180,421268,149669,105576,146820,93446,24068,422394,356413,104713,159971,16877,24352,169490,139862,19449,146154,334113,127682,13393,335148,101718,15809,115712,293502,241304,129157,14518,22560,13329,386212,359041,100898,13703,100378,224920,347347,168430,132662,81414,2218,75301,169490,145017,400414,101298,379066,17544,196301,385234,113342,148050,18860,405514,67157,131181,13650,83668,30438,125089,89594,112249,31062,113540,36586,136523,134665,95256,163268,107582,113326,141908,207788,100322,119139,110000,121713,136034,100371,563966,12129
"Saprospiria",3179,693,489,2244,515,1364,7683,3249,2470,383,2923,2556,585,4836,9660,736,360,709,3401,3188,5052,7910,3496,2522,2743,2069,641,11289,9514,3250,3556,550,444,2784,3125,556,2360,7684,1996,414,8905,2810,459,2185,8606,2152,2935,619,310,396,8526,8454,2215,452,1944,3296,7075,3574,3157,1496,60,2754,2784,1727,7869,2634,8182,499,4685,9456,2289,1655,258,7997,2018,3023,391,1426,878,2783,1450,1759,1034,2352,1101,3106,2132,2237,3043,2374,1984,2455,3798,1938,1802,2910,3809,2503,2256,7306,251
"Sphingobacteriia",36218,10587,5155,23726,5668,26183,115805,36174,26907,4263,31565,31010,8364,52767,139935,9321,3986,8544,45377,37097,99988,103435,36662,25148,31343,24509,8373,107065,103921,30332,37565,5678,6030,30637,33829,6065,25928,88682,31425,4066,91178,24993,4610,26516,88854,45111,29483,5385,3281,4161,95915,98660,24809,4246,22090,39273,88690,42887,33666,17117,645,22717,30637,29604,100474,25268,98972,5156,49915,106410,27887,26673,2902,97352,17524,31472,4159,20257,9677,28269,19945,25773,9714,26537,11855,33589,25698,23138,38519,24760,27624,31775,43628,21440,25456,25217,36763,30891,24109,132830,4089
"Caldisericia",296,40,30,202,38,764,1007,194,232,28,272,279,37,484,1222,63,19,34,274,229,1482,792,245,176,288,250,30,716,728,183,285,19,31,352,307,19,249,852,269,26,591,244,24,225,417,302,204,19,33,22,1378,547,160,16,199,375,626,175,234,132,4,20,352,414,435,219,882,32,421,1144,175,726,15,986,140,275,19,243,36,258,226,389,52,193,43,297,364,193,200,163,258,689,618,336,87,225,343,215,204,966,27
"Calditrichae",1014,144,161,798,121,889,3086,961,714,126,980,803,365,1722,7418,276,148,231,1007,1100,5035,2978,1082,726,995,917,232,3023,3316,647,1237,113,156,904,1118,199,800,3203,1066,153,3363,1088,151,798,3540,1157,819,206,94,123,2801,3937,827,170,842,1144,2995,1225,1054,473,19,594,904,881,2412,1084,3737,164,1730,5740,824,528,106,2747,610,1036,128,365,211,853,1578,905,216,804,522,1183,1037,774,1291,765,638,566,1318,721,659,1267,1417,754,759,4803,104
"Chlamydiia",2654,528,391,2422,263,3912,7269,2218,2546,276,2927,2219,340,5161,15078,290,277,363,1959,2563,7230,6317,2774,2218,3395,2615,302,6518,5991,2273,3295,267,448,3525,2833,322,2944,6904,1883,253,6018,2003,338,2188,5064,2977,2175,165,364,307,8874,6424,2024,269,2322,4731,6547,2430,2569,1307,39,814,3525,4352,5315,2168,7334,223,4745,8494,1951,4304,357,7299,1625,2637,272,1783,412,2599,1577,2092,454,2252,499,2899,2284,2092,2643,2125,1844,2565,4881,1856,1044,1184,1951,2534,2167,8948,275
"Chlorobia",12390,5497,2985,11678,3086,6326,39007,14553,9842,2857,12815,12483,4925,29661,47492,4671,2715,4700,12401,16591,31950,38122,15487,13427,15151,13421,3928,40595,42407,10561,17181,3222,3433,12669,16411,4486,10032,37024,11915,2721,43655,11545,3099,11327,45761,15359,11173,2877,1797,2666,37667,43501,11422,2795,11862,14124,38796,15893,14016,5727,243,12279,12669,13475,35249,14896,41907,2911,30311,44312,12221,10634,1841,37489,9868,14530,2739,7037,5495,13577,7075,13194,4991,11489,7470,16100,12117,11218,11729,12739,10561,13940,19454,12084,10802,13413,25022,11728,12492,46208,1855
"Anaerolineae",3957,1614,1097,4679,1099,2742,11127,4914,3091,1318,5762,4454,1284,12246,13033,780,1254,3230,3168,5121,9037,9982,5915,5233,6215,4358,1488,8176,13743,3229,7204,860,1997,4719,6429,2614,3779,10641,4300,1295,14975,3248,1404,4419,15883,3769,4562,676,1024,1280,8988,15831,4489,1296,4847,5449,14962,4964,6099,1805,57,3116,4719,3210,5541,6251,13111,964,12323,12523,4783,6147,970,9934,4568,5726,1304,2287,1311,5293,4429,4113,1467,5004,1318,6627,2980,4398,3943,3887,2832,4610,7234,3886,4186,4158,11622,3955,5087,12008,581
"Ardenticatenia",1673,645,183,1874,341,504,5383,1873,1625,474,1803,1734,357,3630,7116,285,437,457,1296,2139,4242,4528,2486,2002,2547,1922,331,5659,5918,2198,2223,320,319,1976,2366,425,1413,4695,2431,436,7487,1822,490,1563,8544,1246,1426,301,205,449,4788,6311,1917,476,1901,2316,5468,1957,2068,784,42,921,1976,636,4796,2179,6607,294,3951,6344,1840,1134,247,5100,1471,2733,436,663,370,1971,766,1417,475,1937,570,2375,1021,1706,1338,1782,1584,1265,2782,1432,1129,1432,2890,1551,1956,5380,299
"Caldilineae",1017,212,65,1008,150,388,2274,1074,612,276,1206,974,142,2254,5106,132,265,258,890,1067,2602,1965,1332,1130,1445,1168,186,2549,3865,1187,1235,99,174,1109,1425,183,805,3380,723,276,4223,919,262,837,4597,696,923,117,122,289,3329,3676,1123,273,1000,1210,3579,1042,1234,485,12,678,1109,533,1643,1366,3498,113,2404,3725,1221,807,129,2523,898,1426,227,320,188,1068,515,782,199,1013,228,1402,1014,968,717,764,885,1030,1732,985,524,859,2554,841,1222,2940,87
"Chloroflexia",3045,702,324,2530,374,1309,5097,3207,1435,560,2777,2690,498,4522,8529,532,465,663,2643,2982,4473,5595,3714,2749,3499,2461,820,7640,9230,2161,3365,396,413,2667,3525,602,2097,7555,2775,527,8733,2149,551,2379,9567,3166,2522,364,312,476,6441,8357,2537,491,2872,2802,7742,3800,3070,1415,60,1693,2667,2206,5073,3426,7332,356,4694,7570,2859,2494,266,7477,2108,3320,507,3280,707,3034,1356,1785,637,2464,783,3930,1568,2394,2234,2843,1750,2929,3958,2254,1457,1591,4244,2534,2883,6596,402
"Dehalococcoidia",4527,776,345,4704,506,3976,10654,4091,4679,919,5328,4530,537,8261,13466,564,911,645,4387,4653,11292,9572,5069,5460,6408,11074,481,7180,10658,5235,6415,397,466,5630,7214,505,3108,9632,7389,862,12390,10089,1013,3741,11619,4799,3467,681,623,937,10446,10270,5262,988,4837,4712,10237,5699,4692,2160,65,8704,5630,6437,5647,6034,10549,461,8196,11695,4818,15895,567,8713,3459,6391,926,2457,710,5425,10344,6910,685,5460,871,5807,6406,3840,7864,6530,2512,7569,6940,7438,8403,8078,34073,4643,5616,14045,325
"Thermomicrobia",1371,576,301,1562,359,432,4145,1721,1412,384,1638,1412,281,3286,5226,295,367,381,941,2069,2983,3657,2188,1930,2098,1145,278,3690,4880,1553,2157,461,297,1821,2264,344,1199,3751,1918,374,6030,1621,406,1369,6747,1568,1206,203,184,395,3370,5002,1707,405,1953,1720,5298,1783,2038,618,25,928,1821,1066,3129,2274,5634,289,3639,4665,1569,1098,192,5586,1461,2220,361,852,933,1874,568,1022,352,1969,649,2477,901,1420,1222,1704,993,1250,2377,1265,676,1377,3287,1456,1928,5404,189
"Chrysiogenetes",687,326,279,811,187,421,3998,1022,494,191,877,848,206,1958,3167,203,173,276,607,1093,2149,3225,1085,1060,1144,473,200,2948,3373,675,1151,235,196,862,1258,193,553,3170,801,170,3319,886,216,682,3663,965,658,147,121,190,2490,2986,878,169,1031,934,2626,1103,933,290,19,585,862,674,2782,1029,2907,210,1884,3222,901,673,128,2613,673,1277,190,673,250,902,501,520,324,1013,331,1127,435,716,586,638,665,842,1354,616,718,688,1706,811,855,4425,175
"Coprothermobacteria",155,57,25,173,63,257,1363,236,152,28,219,226,39,610,889,21,32,50,243,211,898,898,241,227,292,223,93,749,909,159,289,21,49,201,254,29,139,1037,501,31,826,157,35,193,611,664,321,22,51,30,746,1214,186,31,186,197,1092,250,217,73,6,149,201,253,516,200,689,24,527,577,185,868,21,539,210,223,33,210,39,229,181,201,32,302,36,403,269,211,174,295,448,226,321,282,157,387,339,163,153,2171,28
"Gloeobacteria",1412,414,158,3426,501,1075,7498,3696,3050,663,4403,3227,662,6216,5873,455,640,695,3111,3868,7429,4853,4309,3994,4691,2618,495,9089,9696,2678,4901,323,601,2916,4822,354,1234,6280,3244,642,11207,2608,749,3120,11364,2298,3515,303,371,657,3197,11677,3485,683,3568,1701,11908,4242,4106,626,41,1055,2916,1538,4160,4266,11182,274,6498,11906,3712,2803,371,5763,2701,4629,639,1162,517,3848,1295,2781,546,3719,911,5190,2028,3226,2803,3620,1992,2663,6370,3471,1137,2189,4458,3472,3818,7927,362
"Deferribacteres",4216,726,326,3182,550,2691,7333,4310,2525,375,4096,3539,374,5210,11600,726,347,566,3306,5543,5930,7671,3944,2900,3873,2877,665,7770,8139,2232,5570,391,464,3956,3952,641,3362,6755,2726,373,8033,2592,400,3396,9468,3389,2755,261,305,357,8841,7835,2475,388,2400,5413,7443,5144,3641,1981,38,1087,3956,4478,5199,3348,9001,475,4632,6665,3236,3073,281,12527,2272,3376,397,4668,745,3576,2066,2950,744,3263,672,4232,2992,3065,4744,4199,2317,3396,6410,3140,2184,2855,4100,3665,3027,7751,360
"Deinococci",18817,6512,2409,21360,4274,6136,50738,21621,17668,6060,23108,20068,4933,48614,57144,3709,5809,6474,14577,22862,44050,42281,28032,23944,29400,21656,4075,49544,61177,15825,26752,3760,4151,23294,30396,4697,16165,47899,20109,5892,76430,19746,6402,17785,83013,15827,17292,3508,2967,5864,41028,64927,21270,6155,22337,23155,60440,24511,24955,8842,323,10446,23294,17986,29958,28740,65258,2911,54379,63581,21173,14346,3201,49843,17393,29930,5895,8813,6317,23412,8036,21361,5744,23104,6736,30531,15746,18166,17394,23298,14553,20197,35279,27568,10306,20587,39692,18763,24697,49419,2758
"Dictyoglomia",1106,155,216,839,194,1435,2307,468,937,56,1105,598,54,860,4802,115,49,99,579,660,2009,2035,803,613,966,695,143,1698,1541,576,1127,38,252,1184,953,147,1231,2679,797,50,1860,511,46,799,1350,1247,686,83,76,44,3033,1504,492,52,696,1431,1742,1541,647,562,12,121,1184,2217,1182,563,2924,109,691,2409,626,1800,42,3081,365,788,60,523,322,841,536,542,161,649,99,785,722,529,877,616,718,742,1401,565,206,574,528,808,594,3115,41
"Elusimicrobia",504,96,51,445,71,1654,1154,720,604,306,588,461,63,5426,1514,43,315,100,264,492,784,1100,556,587,765,556,76,829,974,251,578,42,72,772,660,374,771,1080,2091,347,1144,742,426,504,1692,2501,603,36,618,329,1015,872,441,323,1384,822,1178,532,444,222,3,199,772,836,576,510,2268,54,4883,837,415,265,558,1603,556,850,342,238,82,613,358,1493,55,498,103,557,335,551,350,271,289,456,723,239,185,270,416,522,447,1072,40
"Endomicrobia",1709,190,114,969,349,715,2141,1260,839,138,1591,816,269,2079,2720,148,155,197,997,1324,2643,2351,1396,679,1265,628,126,2934,3061,803,1097,103,240,954,1231,320,1892,2088,970,152,5017,946,175,765,7248,890,1123,76,146,153,1386,2720,1013,150,597,1093,5256,1378,1334,833,21,199,954,1020,1925,1037,15020,176,1925,2448,1078,971,113,8986,1003,819,119,1791,259,1376,594,689,156,978,549,1257,531,1113,882,947,538,623,1265,656,469,715,881,960,967,2871,194
"Fibrobacteria",207113,49546,10812,103654,13775,3292,720870,14205,107004,101506,124593,97534,15146,1463473,1703142,14841,97582,16856,33853,331839,457330,4056946,142456,25276,56422,8811,13581,148952,542966,53091,259309,28665,18871,127331,68866,8620,257745,3941228,104757,98880,249683,11414,114156,102367,152528,152550,173131,18336,222192,98209,365942,225829,60364,102902,31367,380312,389275,135664,187866,94077,859,4437,127331,5060,267456,84685,220858,114122,1396778,463994,158426,31989,209571,1162895,102026,68631,99354,317241,41512,61535,2446,13206,11000,261889,44454,136218,24302,283951,78914,39974,129582,5745,364301,35846,2756,9864,6207,137596,73754,658477,68040
"Bacilli",358454,106825,51222,315164,53984,373464,923392,309634,304530,36942,417397,321993,59875,458337,2058677,82546,35850,73350,660216,339766,949741,955390,355094,327191,425029,418554,54427,706923,795783,342944,385578,43025,69831,436220,420821,71486,311118,1318328,316366,36123,894708,272772,41205,273162,844261,1027082,238524,38367,28998,35969,1278201,846711,268345,37863,309421,486554,894662,358799,322231,171099,5040,134670,436220,487127,627985,344753,997820,55639,413799,1162447,318828,520687,25003,1009072,215577,385342,36640,271428,80218,362885,263841,307350,68189,335204,96447,380931,293490,298983,289348,337815,276541,389788,615312,296802,162407,241354,542526,322998,300027,1350399,48040
"Clostridia",783647,585598,227507,879284,329606,653924,2946646,877612,740721,135692,818536,841347,342367,1522059,4043503,278305,131053,403662,679793,864708,2558697,3224268,900047,1258168,1187811,1710469,261253,1710748,2655032,937125,1150945,283438,396978,1081417,1286861,320811,567586,3257291,849758,132268,3433988,825356,150542,735225,2966542,1835882,545307,194145,163749,131549,2519326,2799430,786757,137729,1041488,974286,3224056,895722,863323,369936,15274,424511,1081417,1132397,1144356,1147788,3139849,401446,1450164,3469325,938471,1440241,148982,2998817,725945,1255687,133903,781176,394657,975605,742746,875708,372630,934564,467128,1025567,796431,763403,616756,840626,714042,1142931,1639238,1063431,456829,675219,1722345,848566,933026,3533653,203936
"Erysipelotrichia",10747,8670,3665,11903,3728,14289,49225,10741,12812,1578,11940,14105,6160,18804,177035,4827,1440,5619,10738,12090,63847,57446,12001,14421,15461,17662,3452,24822,38011,16812,14661,3472,5836,14959,16840,3373,8130,105325,13216,1454,38038,10600,1671,9900,36887,26370,7435,3640,1381,1474,107983,38088,9795,1546,12698,13692,47420,12773,11009,5047,377,7045,14959,21600,32962,13820,49573,4252,16864,97399,12368,23446,1255,39431,9069,18684,1453,18617,4958,12746,14966,20461,4360,12895,10680,13931,12687,9738,8916,11858,14300,25358,22427,11429,9441,8972,26763,12093,12868,97055,3457
"Limnochordia",1672,618,220,1843,389,383,4383,1859,1178,512,1793,1595,490,4377,4537,391,527,580,921,1708,3141,2865,2214,1812,2659,1326,328,4039,4905,1507,2065,401,382,2019,2417,385,1306,3445,1633,516,6708,1655,540,1236,7013,1101,1289,317,243,503,3386,5739,1761,487,1751,1914,5185,1818,2091,782,37,652,2019,1133,2199,2346,5429,247,4779,4575,1731,1079,277,4039,1490,2554,487,814,423,1951,487,1400,440,2055,616,2681,1118,1509,1487,1749,1203,1572,2870,2065,709,1183,3155,1486,2241,3775,194
"Negativicutes",87443,44462,253379,68788,18204,121825,422799,114752,152087,9994,81672,78268,45471,88202,570742,129803,9488,38674,199949,83301,341038,3112085,110184,94695,107548,591197,83783,319716,637392,92970,105759,36387,45674,75077,107349,62929,48016,3182990,249344,9709,305117,141402,10720,59751,342817,185159,60157,26483,5710,9818,913241,266955,64891,10216,75065,86453,346866,100748,93370,40711,3596,153807,75077,495510,277200,83396,222259,257110,89291,407023,84674,288889,5767,352812,55102,87622,9799,101979,56809,99042,262880,296857,61634,70792,94163,126943,303879,70152,114632,323181,78243,426545,141119,364052,187776,450536,931970,101802,68628,2603127,250020
"Tissierellia",14923,4481,2084,13711,2654,17902,38084,13017,14361,1721,15646,14249,2466,21474,67806,2111,1694,3101,10761,13806,36230,36203,14642,16495,18616,18946,2124,28434,30761,16523,17091,1879,3087,21576,20647,2977,13603,38296,14533,1696,36625,12687,1939,11558,34368,32622,9923,1603,1465,1681,36433,36058,11226,1718,14932,20587,37258,15946,14182,7205,153,5157,21576,35927,23076,15637,45726,2444,19555,41922,13774,31528,1270,44329,9895,18602,1691,11385,3799,17115,13202,15343,2588,14408,3777,15845,14438,12032,12362,13570,11576,17146,25511,13428,8218,10015,25221,14603,13993,48809,1329
"Fusobacteriia",32935,3653,3895,20230,1762,45711,53954,14457,28988,861,28382,18748,1800,20094,132765,2150,862,2165,14417,17789,60886,48337,20326,19396,29027,20080,2070,47468,37129,14141,24240,1479,4490,46582,26777,2209,35025,49082,20056,843,43338,12462,1082,18623,35639,70955,18225,737,1376,838,58357,42458,15174,866,19045,54971,50426,20165,18684,16040,173,2231,46582,47158,38803,18886,59802,2017,15879,50099,19613,45537,958,70059,10026,24271,885,18144,2829,25960,15136,15995,3430,22197,2459,21518,22432,15884,26050,19578,18965,16876,45266,16284,4655,7774,10969,28505,17612,91676,1538
"Gemmatimonadetes",3035,891,399,3740,579,767,8213,2814,3176,976,3966,3149,882,8020,9068,819,995,838,2164,3778,8089,8217,5123,3472,4702,3408,718,10052,10844,4735,4734,391,525,3690,4798,584,3123,9685,3375,1017,11931,2443,1040,3203,13374,2868,3100,587,527,964,7839,10461,3346,1029,3007,4307,9300,4060,4459,1356,74,3906,3690,4713,6815,4424,10588,495,9041,11169,3105,2236,596,9991,2621,4133,944,985,1123,3778,1358,4094,821,3338,936,5020,3352,2985,2342,4199,2977,4021,5879,4119,2480,5331,8571,2849,3841,9674,418
"Ignavibacteria",1610,392,180,1277,219,1765,5004,1434,1002,193,1669,1235,342,3003,5785,286,202,357,805,1455,3526,3547,1522,1235,1722,1174,347,3469,3711,860,1778,263,184,1975,1871,416,1547,4966,1364,175,3776,1408,201,1201,3980,3390,1172,229,184,179,4310,3945,1057,196,1253,2297,3479,1308,1457,750,21,626,1975,1484,3146,1429,4735,133,2841,3814,1307,3962,154,5398,928,1467,196,822,464,1618,1048,971,284,1456,300,1530,1128,1247,1378,1069,1460,1393,3187,1094,739,955,1394,1436,1313,5928,134
"Kiritimatiellae",1808,716,265,2133,369,664,4383,1517,1124,584,2748,1458,295,5272,3244,257,611,687,735,2314,2102,3016,3450,1566,2739,1072,526,4968,5888,1160,2727,251,308,1943,2389,881,2019,3624,1407,532,4754,1178,566,1983,6293,816,2029,207,298,586,2493,5309,1927,561,1434,2669,4214,2213,2774,815,35,588,1943,1694,2526,2667,4788,293,5681,3876,1339,851,348,5940,1637,2137,548,503,690,2244,578,1186,675,1574,391,2907,782,1788,1128,1257,1959,1008,2821,1434,510,967,2190,1406,2377,4469,237
"Lentisphaeria",5485,1680,599,5565,1039,956,8864,5558,2694,3032,7840,4321,1043,30120,8827,744,2909,1359,2341,7085,9335,7520,10555,4347,7624,7512,1065,13351,15080,3922,8241,687,905,5547,7321,925,6671,9908,2923,2983,13397,5892,3019,5169,17418,3195,6325,758,2514,2840,7126,14487,5343,3088,4132,8385,12801,6588,10840,2594,84,3296,5547,2673,6544,8037,14918,871,33437,11404,4343,2777,2673,14457,5963,5647,2928,2018,1467,8048,4609,2564,1300,5017,2437,9621,1931,6825,4177,2944,4923,3859,9032,2842,1734,2502,8030,4047,7267,9735,735
"Nitrospira",3194,841,320,3308,444,1888,9184,3555,2367,708,3738,3135,550,7314,10559,576,711,822,1989,4069,8634,8063,4223,3704,4442,4514,612,7952,9345,2294,4235,527,559,3667,4766,790,2627,8927,3206,687,11705,3112,759,2980,11098,3178,2590,406,452,748,7732,9902,3080,728,3330,3980,8832,3689,3826,1477,54,2725,3667,5673,6412,4232,9054,503,7440,10634,3409,4252,427,8218,2759,3987,687,1564,831,3894,1967,3428,723,3421,989,4320,2924,3116,3094,3921,2713,2816,4940,3729,2017,3476,7012,2960,3583,10138,319
"Phycisphaerae",4036,1455,556,4339,986,1813,11375,3908,3621,1004,4765,4203,893,9692,14819,1263,945,1219,3953,5225,9978,11074,6216,4272,5448,3541,1164,12205,12875,4229,5759,710,877,4805,5875,1157,3844,11099,4921,1008,15483,3383,1108,3640,15858,5407,3580,640,616,1027,11724,13533,4052,1117,3960,5293,12943,4996,5573,1956,62,2352,4805,4848,7908,5345,14360,776,10047,11957,4130,5630,603,12115,3393,5449,1106,2463,1068,4941,1989,4343,1472,4226,1360,6240,3194,3793,3679,4198,3622,4524,8504,3890,2011,3719,7662,3559,4796,13325,656
"Planctomycetia",18632,5686,2307,20496,3040,6851,52070,19746,14630,5452,25613,17639,4353,48372,61044,3618,5425,4540,15058,24908,46299,47279,29628,20207,28076,16903,3483,51941,59394,17111,27993,2556,3141,21475,27689,3484,17812,46938,17493,5459,61888,15312,5915,19320,70587,17578,19311,2904,2822,5341,41759,57422,20676,5737,18854,24614,55539,24830,25849,8512,331,10865,21475,17321,37906,26195,62576,2771,52506,59541,18650,14839,3055,51022,16521,24990,5447,7961,4900,23195,8294,17519,4380,19515,5759,28085,14239,17770,17536,18855,17131,17994,34565,20037,12301,17238,37693,16923,23036,60268,1929
"Acidithiobacillia",1633,519,296,1530,269,698,6323,2108,1711,355,1844,1740,378,3346,6207,328,359,448,1332,1886,5869,5027,2094,1688,2169,3255,417,5154,7885,1685,1984,248,309,1860,2402,328,1200,6044,1636,368,6273,1698,407,1297,5857,1828,1249,296,203,381,4938,5679,1417,420,1620,1833,5624,1910,1983,749,42,1982,1860,2376,3546,1996,5634,236,3452,6363,1910,1844,177,4750,1311,2064,364,1152,423,1931,1016,3833,397,1666,552,2303,2791,1482,1481,4112,1238,3885,2388,4588,1412,2520,4124,1797,1826,8446,251
"Alphaproteobacteria",284632,89998,39122,303770,56679,129848,768459,286730,258121,71254,342054,291795,70623,567450,972886,51777,70206,84753,232979,355972,711354,712615,406612,327247,405881,339514,60344,753184,922877,270429,402656,49919,58880,333744,422169,67491,247920,795296,298358,70701,1046617,246609,75600,266015,1125979,284344,257734,44745,30632,69584,641720,904831,298291,74122,312280,361909,867609,362212,363535,133306,5274,223579,333744,344786,545514,392417,932389,50977,606830,893026,298895,255359,33984,777698,227695,396103,70588,130252,83241,336377,149687,343051,77274,313693,95226,414366,277377,245756,262414,372192,223584,362122,501590,386827,195535,318929,720351,272330,339461,880234,37952
"Betaproteobacteria",225142,58010,27906,230968,33957,88479,561226,208656,206971,52716,288364,216222,47006,419657,694637,37468,51778,52203,186954,272156,542019,547611,329781,238345,301548,281516,38764,589217,700089,207328,300811,30699,35197,245203,314800,47812,202227,606586,228573,52559,802047,180454,55736,199071,862773,212264,197118,32270,23798,51693,481406,678194,225057,54846,225160,267244,637347,278096,276824,105179,4166,184276,245203,280987,416047,302006,678858,30588,473656,697185,225770,191282,32770,581982,163973,292786,52310,101219,53864,255452,115307,303898,50746,232993,63334,317610,223321,179302,213711,316869,167226,289219,380528,323537,178385,257544,664341,206686,254675,658976,24323
"Deltaproteobacteria",118641,48094,19623,128284,31127,46452,325292,123901,105824,33824,147487,117337,35962,271152,365933,28778,32956,42818,97185,152142,284473,298125,177894,135095,173096,144723,30023,334493,394241,109413,171147,25666,29672,137392,178842,35603,102668,328674,123798,32986,473217,109059,35709,112206,499151,111934,110971,23053,15583,32493,265491,402498,129084,34915,127831,147310,380773,154930,153318,55359,2149,80751,137392,130170,216501,165835,413786,25243,295434,370806,125596,98641,17239,327037,97982,165441,33009,55374,39786,142261,55906,140451,39089,131003,48778,178385,110324,106317,113429,157360,97919,138439,216706,156495,75579,126186,266804,112370,144258,360517,16310
"Epsilonproteobacteria",60762,6554,4518,34494,3617,68449,99120,27734,48036,2449,51768,33194,3071,41417,226747,3615,2252,4420,30341,33932,100270,92822,40061,29259,48249,34815,4021,92548,74561,23868,45254,2582,5185,70372,41580,4404,60768,82262,33671,2309,86211,23811,2722,34711,77923,80521,34739,1654,2590,2268,102421,84608,27827,2385,31310,91357,87029,42454,37266,29873,393,9024,70372,63169,79728,31257,105540,2789,35251,94049,33900,47832,2093,116787,17857,36710,2376,29113,5584,41313,25069,32865,5028,36493,5057,38916,39344,27229,48008,37584,33107,32106,74748,31185,14224,19353,25390,45688,28602,158825,1711
"Gammaproteobacteria",607445,131394,76575,436746,74737,417892,1306192,490695,541655,85102,534198,490285,99692,768038,1943850,92127,82217,110072,490870,596485,1355098,1351831,612517,465293,593035,740142,90203,1351850,1474878,424019,620435,65209,91017,536062,616040,98332,418791,1337031,451606,82990,1601366,383180,90115,479013,1614540,570794,460585,67083,44326,81597,1412033,1435154,415156,86715,441055,650675,1504869,640112,546120,289427,9056,397627,536062,806228,1135917,559051,1468387,77227,775102,1438344,505523,458693,44309,1361415,304481,551313,83033,365610,121562,505640,329960,919022,115579,490077,149047,634562,654185,368252,710482,888995,379173,817444,877094,915651,435517,599149,1132549,526379,454397,1722970,55353
"Hydrogenophilalia",299,96,23,450,43,138,1035,405,335,70,439,456,38,822,1531,92,82,47,496,336,573,794,608,367,440,481,50,938,965,278,552,95,41,360,521,76,259,931,482,71,1150,203,89,363,1533,284,376,31,45,66,804,940,333,80,344,434,855,579,490,114,8,192,360,682,757,438,881,37,929,827,341,167,51,1059,299,455,100,143,123,411,217,658,67,440,117,545,376,298,612,584,280,538,496,707,355,355,813,294,360,853,47
"Oligoflexia",4067,1493,863,3009,669,4808,10988,3517,3411,492,4130,3380,803,6168,19609,620,481,925,3574,3295,10158,10123,3880,3023,4184,2974,752,8844,9366,2447,4316,566,760,4960,3845,643,3858,11387,3371,438,9044,2772,517,3388,8029,5280,3118,441,414,456,11067,9341,2609,447,2790,6306,9264,3879,3729,1958,61,1578,4960,4903,7993,3177,11055,570,5556,11298,3018,3769,380,10226,2235,3631,450,2805,1057,3877,2185,3068,898,3381,1517,3950,3267,2897,3396,2887,2967,3280,5711,2383,1934,2414,3870,3542,3072,15528,489
"Zetaproteobacteria",1150,1403,638,1121,233,760,4477,1594,1177,181,1537,1231,952,1909,3761,448,166,411,904,1320,6567,4049,1614,1273,1455,1667,433,3294,3627,1137,1850,676,230,1249,1684,277,704,2943,1604,138,4508,1103,186,1300,3399,1907,1354,431,102,158,3159,3483,1179,178,1218,1391,3238,1715,1398,516,22,1624,1249,1713,2331,1434,3219,313,1980,3405,1078,2597,96,3022,862,1560,181,767,581,1294,691,2204,470,1115,597,1441,2035,1026,1883,1590,1143,2224,2046,1908,1114,1797,2335,1495,1208,6267,279
"Spirochaetia",43897,26476,5582,33714,11979,41938,138869,34466,35535,7216,42359,33697,14686,106201,218405,11591,6760,16428,28526,46010,128871,121071,40276,34348,44603,66583,8580,94003,109330,33836,56055,9580,10194,59115,47282,13895,41292,129741,47052,6856,185683,50324,7840,33390,125907,59555,31052,9657,8950,6846,128900,126264,30506,6896,33025,68204,115614,44456,38822,20886,673,19746,59115,38904,92107,38359,135489,7749,97425,144996,36325,55054,7814,117099,27105,40922,7022,27930,13587,39436,26632,35802,11507,39294,17081,44804,34031,30477,36265,43833,35682,36328,70603,32673,22344,23607,51199,40559,34007,139332,5223
"Synergistia",7365,3015,1604,8913,2157,4090,20208,9694,6849,2662,9038,8257,2631,24751,27816,2124,2562,3136,5426,10014,17571,18556,10906,10327,12062,11194,2105,16778,23907,7267,11509,1891,2161,9268,12481,2318,6295,23468,9271,2582,29702,9466,2845,7470,32044,7271,6535,1931,2142,2576,17952,26812,8483,2653,9786,9357,25966,9462,9562,3447,141,6935,9268,7733,10130,11766,27897,1867,26518,25156,9071,7808,2362,21244,7917,12304,2580,4148,2791,9852,4998,10523,2460,9572,3521,12032,6856,8325,6996,10550,5933,9850,15225,10920,4751,7696,20178,7199,9916,22281,1612
"Mollicutes",62659,14168,6368,36591,5316,79237,98225,22152,49434,1766,53538,32720,4291,53665,273559,16963,1638,5475,24427,28398,109344,90437,35388,26229,52786,30807,3284,94787,64921,21639,39403,2838,7140,82091,41429,3249,67992,105482,36462,1727,66269,21159,2118,31038,58188,63133,30823,6801,3892,1705,128359,78078,26476,1762,31799,105782,85465,34055,32917,30435,371,3741,82091,74916,73069,29889,127329,4750,41193,105161,34435,50232,2952,158851,17825,39852,1800,27238,8925,43197,21394,27598,5165,39106,10143,37516,39109,29893,40490,31934,40808,27772,83473,25017,6829,12188,15791,45926,30196,183861,12357
"Thermodesulfobacteria",1744,233,222,1438,126,2019,3801,1358,1345,126,1657,1182,261,2583,6561,125,130,131,1102,1236,4801,3897,1563,1329,2148,903,226,3286,2856,806,2057,107,240,2240,1724,177,1669,4023,1391,147,3379,1046,169,1155,2976,2228,1258,119,145,166,3818,2817,1099,120,1307,2723,3278,1527,1489,843,19,251,2240,1933,2297,1238,4827,131,2279,3501,1307,2271,122,4033,1099,1604,124,931,157,1498,809,823,211,1503,152,1518,892,1262,1373,1089,847,1179,2336,1175,348,454,729,1540,1229,5629,79
"Thermotogae",7890,2768,1091,6543,1540,8931,21939,6387,7461,842,8441,6446,1842,12364,35288,1496,779,1594,5104,7113,21332,18309,7476,6436,9339,10225,1330,16050,16669,5114,8801,1024,1591,10445,9441,1342,8040,17012,6293,844,20409,5876,968,5914,17838,15889,5615,780,837,812,18888,18375,5562,846,6846,12031,18798,7689,6951,3779,91,2787,10445,12982,13733,6991,24025,969,11148,21923,7023,12624,698,23367,4745,7863,859,5362,1765,8487,5595,9039,2115,7341,2481,7872,7039,5951,7020,9078,6310,7711,13503,8660,3558,5709,8012,7604,6217,26274,622
"Methylacidiphilae",695,65,52,610,37,433,971,694,461,90,856,533,38,1030,3455,31,68,103,822,791,1128,1282,963,495,872,673,114,2214,2796,384,740,30,69,709,768,85,700,1240,607,98,1583,311,84,708,2044,665,724,54,48,89,2158,1649,519,79,489,1113,1594,886,833,338,14,146,709,545,1074,701,2022,127,948,2454,413,399,43,2632,445,644,83,279,55,694,433,535,95,469,117,768,540,547,386,578,643,276,1169,669,207,575,552,642,596,3616,25
"Opitutae",12274,3203,1474,13334,1830,3370,35190,11886,8674,3371,15671,10962,2298,27963,40794,1951,3296,3089,10005,16405,31819,30022,20054,12765,17669,7294,2153,41144,41920,8638,17981,1655,1901,13765,17035,2048,12485,34930,9762,3346,41993,8989,3512,12331,47548,12241,13167,1450,1587,3274,27912,44577,13235,3401,11384,16382,36515,15671,17828,5680,205,7160,13765,7425,26711,16539,42042,1536,31268,36924,11378,6487,1800,37383,9908,15129,3229,4876,3179,14560,3239,8542,3514,12163,3704,18515,6678,11115,10389,10106,12439,8647,21297,9454,6413,8192,19500,10967,14718,49150,1429
"Spartobacteria",120,20,14,139,7,81,455,149,146,28,130,109,13,337,270,21,20,10,57,135,232,350,165,176,206,125,17,372,460,126,164,8,21,182,184,12,105,242,288,25,473,121,24,163,429,230,131,2,42,20,253,452,123,32,166,167,385,202,147,58,3,58,182,133,267,132,510,7,331,255,72,484,33,293,96,144,32,96,11,117,97,194,21,83,11,159,213,97,333,149,107,146,233,224,106,341,154,112,140,328,14
"Verrucomicrobiae",8141,2539,1122,8917,1514,3060,23925,8351,5700,2304,10066,7702,2125,21357,27884,1784,2218,2514,6221,10025,19209,19879,13011,8345,11699,7527,1903,27368,31573,6948,10939,1420,1701,9552,11889,2133,8198,27813,7450,2272,30370,6951,2408,7736,34627,6905,7880,1613,1309,2296,19671,29442,8706,2355,7632,11196,24536,9866,11799,3726,157,4417,9552,6296,18441,11267,28113,1306,23027,27044,7680,8845,1454,26879,7026,10128,2226,3774,2712,9972,4162,6548,2527,8545,3102,12799,5986,7975,6018,6489,7732,6678,14113,7467,4431,5931,12910,7542,10153,23573,1184
"Mammalia",171865,6306,10469,71892,3420,196774,164918,48695,127940,3468,140410,67334,2492,49181,569999,3087,3315,4915,60243,70194,247071,194456,75184,55891,115668,36999,5440,204342,157459,41438,105291,2274,11128,206152,75034,4362,190175,143082,55260,3185,181057,29805,4109,86651,148463,141062,88962,1489,2119,3237,259464,163318,56270,3407,66884,308868,217339,85528,76839,84527,808,10137,206152,85647,193691,56539,194379,3165,41531,149389,74797,70390,1846,239017,26585,69321,3346,34017,5555,85789,39746,42855,7783,94124,4171,72006,106979,49722,112407,61079,64805,53682,200636,41693,26191,37680,59922,118945,56585,429638,1972
"Aconoidasida",90272,6473,25659,28980,4991,105983,65002,19319,71608,772,70931,27389,1425,14188,316507,1885,761,5237,20932,25218,130039,84176,28519,18643,54786,8401,8953,89039,63376,9411,43132,992,24763,117134,26761,7967,110316,51053,16351,746,79336,8243,987,37756,61034,56300,40865,945,858,765,138823,65747,18111,799,26061,182005,108441,30081,29242,44354,341,1338,117134,28016,95207,17649,84610,5375,11009,46878,30018,18896,587,108062,6981,24196,768,8484,5412,36733,15366,10510,13308,44979,2591,24347,53620,25166,54785,20991,32426,13585,103653,11317,4453,8109,6631,61224,20886,220936,1283
"Conoidasida",6827,17515,33122,4188,16048,7087,11243,3858,5728,554,6620,3972,4045,5405,28358,3503,558,11553,4190,4534,13594,13314,5168,3827,6400,3204,23687,13486,12256,3580,5903,3940,32160,8528,5097,23820,7625,9982,3700,521,13252,2374,649,4212,12352,5804,4518,1634,275,523,15837,12384,3962,591,3898,12357,15294,4910,5026,3218,86,1306,8528,5129,11465,4263,13734,7826,5369,11569,4093,3944,292,15372,2364,4175,591,1748,14122,4833,2661,3895,23531,4861,6173,4861,5695,3820,5634,3820,4287,3986,9610,3886,2242,3685,5584,5632,3999,20257,1154
"Bacillariophyceae",634,1321,1277,574,1106,527,1317,528,480,95,774,532,259,1078,2927,254,89,1124,417,645,1542,1565,676,568,746,478,1949,1404,1863,370,865,232,2416,830,672,1762,619,1390,385,76,1843,346,102,594,1912,559,643,197,105,79,1751,2053,391,87,495,1089,1932,655,643,308,8,344,830,582,1641,568,1856,541,1060,1393,661,197,72,2470,319,547,90,338,1113,577,421,287,2089,576,462,589,403,552,665,459,462,341,1160,461,254,370,653,632,511,2688,135
"Coscinodiscophyceae",709,230,138,687,111,661,3619,679,790,94,861,655,129,1120,5100,90,90,196,503,899,2558,2498,835,647,1030,315,151,2031,1851,508,917,97,176,1089,751,117,686,1966,776,103,2322,478,126,625,2086,1699,600,57,69,94,2744,2275,630,89,595,1236,2573,680,808,332,12,269,1089,608,2309,687,2456,111,1127,1857,656,430,73,2771,396,645,105,194,220,830,396,577,156,698,206,725,698,696,542,482,1257,871,1135,477,286,748,801,746,725,5942,58
"Chlorarachniophyceae",201,215,103,52673,139,57372,182198,54704,94,8826,66414,54015,119,80046,1057,64,8739,213,67190,62926,167490,226832,70616,57972,75225,88839,147,170376,194184,55513,72046,42,155,73265,73205,159,219,225755,61469,8637,196536,44984,9393,49295,179961,85270,47617,63,5696,8569,506,168481,50845,9215,53043,87577,198327,66936,63265,88,1126,64,73265,84992,424,61980,177838,110,79582,197475,57168,70334,5367,183124,36988,68374,8769,37850,75,62691,43503,62,148,57414,140,69935,68867,45926,59523,70506,47948,77338,100581,74667,25,68343,113982,62945,55191,305739,69
"Oligohymenophorea",740,9,29,167,15,397,198,94,334,2,529,172,2,60,1693,5,0,7,130,127,681,681,146,73,389,11,6,622,341,35,265,1,40,762,90,6,917,309,40,2,441,38,2,223,316,319,244,0,1,0,694,308,78,2,146,1462,868,137,130,338,1,0,762,34,595,88,539,3,26,173,171,34,0,881,27,94,3,56,14,208,61,16,20,265,3,116,331,131,372,162,204,41,598,79,31,12,5,368,90,1753,1
