"Phylum","stewartERR2027890","shiSRR873458","shiSRR873455","stewartERR2027917","shiSRR873463","wallaceERR983265","shiSRR873599","wallaceERR983268","stewartERR2027895","hessSRR094166","stewartERR2027928","stewartERR2027923","shiSRR873457","hessSRR094424","shiSRR873597","shiSRR873452","hessSRR094418","shiSRR873460","stewartERR2027903","stewartERR2027908","shiSRR873602","shiSRR873596","stewartERR2027927","stewartERR2027929","stewartERR2027912","wallaceERR983264","shiSRR873459","shiSRR873606","shiSRR873604","stewartERR2027909","stewartERR2027920","shiSRR873454","shiSRR873462","stewartERR2027889","stewartERR2027916","shiSRR873464","stewartERR2027891","shiSRR873595","stewartERR2027900","hessSRR094416","shiSRR873609","wallaceERR983263","hessSRR094415","stewartERR2027925","shiSRR1222431","stewartERR2027898","stewartERR2027918","shiSRR873456","hessSRR094419","hessSRR094403","shiSRR873598","shiSRR873605","stewartERR2027926","hessSRR094417","stewartERR2027915","stewartERR2027897","shiSRR873607","stewartERR2027924","stewartERR2027902","wallaceERR2027890","shiSRR1222429","wallaceERR2530126","wallaceERR2027889","stewartERR2027899","shiSRR1267595","stewartERR2027919","shiSRR873608","shiSRR873451","hessSRR094428","shiSRR873601","stewartERR2027910","stewartERR2027907","hessSRR094427","shiSRR873610","wallaceERR983269","stewartERR2027921","hessSRR094405","wallaceERR983266","shiSRR873465","stewartERR2027913","wallaceERR983262","stewartERR2027905","shiSRR873461","stewartERR2027911","shiSRR873453","stewartERR2027914","stewartERR2027901","wallaceERR983267","stewartERR2027893","stewartERR2027892","shiSRR873603","stewartERR2027904","stewartERR2027896","stewartERR2027894","wallaceERR2530127","stewartERR2027906","wallaceERR2282092","stewartERR2027930","stewartERR2027922","shiSRR873600","shiSRR873450"
"Candidatus Korarchaeota",0.395462072715589,0.407170728948708,0.0205575199407943,0.303430279307572,0.534286451232544,0.285181403891015,0.723302570522001,0.408753911352083,0.217866785140631,0.238736001389009,0.489633753952044,0.350354734168345,0.147596029666802,0.298400960072654,0.31706081357151,0.0183009406683504,0.200727078082833,0.1279954490507,0.273100924446629,0.581970782691318,0.353933987841327,0.331395237680488,0.423000300193761,0.420707773695023,0.3417132377113,0.230020925514752,0.356312672854065,0.238926286046705,0.44115190243495,0.513674284639763,0.372867909559699,0.77854059027532,0.046916051545102,0.431875240260264,0.527933180994405,0.0489388427594982,0.412301688694804,0.110799546574163,0.675591987479028,0.156351209488285,0.311373834460153,0.317799415602186,0.17627012417251,0.379111439567717,0.352916584093235,0.328723299704149,0.382434193642535,0.17827127795039,0.0753806723955978,0.216877399206229,0.113317538826996,0.353984116886581,0.402196439444299,0.14952791899859,0.475378205307458,0.311507071210516,0.300630572626083,0.47681387946647,0.361278202279665,0.278660998177986,0.10851871947911,0.0384027527093142,0.431875240260264,0.394477317554241,1.03026646220329,0.282373945082822,0.490488196195278,0.468260108310599,0.278271931306586,0.368135998303876,0.484394886309671,0.33100615739005,0.139856227797824,0.223116304223931,0.432327958903413,0.251821645288904,0.148591564244624,0.219058050383352,0.0386852183780577,0.356641748670806,0.275578063986107,0.267007634161934,0.27311584208442,0.586096644001086,0.0239200114816055,0.409247319012461,0.157008573494474,0.388745236398334,0.331185777557969,0.0978341954971812,0.358261032103304,0.211606451066822,0.373382011284434,0.114698856175545,0.18765598904089,0.242468327574711,0.581767241005039,0.292661758695334,0.419280619277475,0.510117000895581,0.0547165681768439
"Candidatus Micrarchaeota",327.526631898959,16.7844822711078,22.9833072938081,0.126429283044822,27.8381664762887,0.233848751190632,0.169945016569639,0.0610781706618055,255.852499914562,0.0434065457070926,0.149221715490147,0.0968085449675691,0.0922475185417512,0.090817683500373,479.240688381519,0.0366018813367007,0.0669090260276111,14.3923771599232,0.0546201848893258,0.182113306148304,0.559817157239222,0.246422099813696,0.122806538765931,0.152170896868412,0.185995812931467,0.0958420522978132,86.0579941293245,0.254508435136707,0.3915549429896,0.0917275508285291,0.238000793335978,0.306697808290278,102.746152883773,0.351195250321533,0.133953195177685,71.5485881143864,320.009988153585,0.155545517306037,0.0375328881932794,0.022335887069755,0.253443818746636,0.203038515523619,0.0783422774100043,0.124770853528616,0.306765953865658,0.0915002999176497,0.241537385458443,0.84042173890898,0,0.0650632197618686,463.607233016534,0.210338388294925,0.0558606165894859,0.0213611312855129,0.135156548567807,0.378258586469913,0.280588534451011,0.16730311560227,0.112899438212395,226.07981136794,0,0.122888808669805,0.351195250321533,0.0630067937760245,311.708072090034,0.0728706955052444,0.18565207426083,30.2740339590374,0.102695593696478,0.0944432665805755,0.0949793894724845,0.0371537523601077,0.0839137366786943,0.10913297489214,0.0953664615228117,0.178712135366319,0,0.0807055975096558,12.1213684251248,0.168935565159855,0.109191308371854,0.0188033545184461,62.4479372926027,0.20966058809795,5.32220255465723,0.116927805432132,0.190063010019626,0.153142062823586,0.172216604330144,0.101910620309564,0.129804721776559,0.126963870640093,0.116163292399602,0.0711923934882691,280.933525993482,0.121234163787355,0.222866057499443,0.186698018478058,0.157230232229053,0.372040218698281,3.09148610199168
"Crenarchaeota",35.9079562025754,11.1067126618786,11.2655209275553,20.264085486424,7.18523158554111,43.7810491253486,23.5436022955012,16.7542120446153,22.8461091555313,8.65960586856498,29.2474562360688,17.6283750455231,10.3870705878012,14.8681521844896,38.2319773808162,7.9975110720691,8.11829515801681,9.7703192775368,16.0037141725725,17.1938714913496,28.2985259690389,21.1179490883444,21.5639185292325,16.8372621770285,27.2072944962541,8.75037937479034,8.2291260159153,31.8083603423918,27.2496136657896,12.8968936464912,21.5430384767949,10.2389883690754,12.8237207556612,43.0404016914322,20.0850996769364,8.00965726497121,44.122087756382,20.029148803791,13.6131785477024,8.44296531236737,31.0915221835754,11.3966401539562,9.32273101179051,19.7569847683581,29.7020026658776,24.8846926776038,21.3710265842085,9.67758366016401,7.16116387758179,8.50159404888417,28.7616701326445,25.258562311465,20.0204449856717,8.77942495834579,18.5816951427533,57.0814457488185,29.0684711181704,22.6277463852071,21.3515417547282,25.3510056803973,3.90667390124797,5.89866281615066,43.0404016914322,11.5110672802981,20.8938992485255,16.9105557756858,26.8324547329819,8.28616800358321,14.8246058642497,21.993716631652,19.7367171323823,13.2672672064094,6.96484014433163,32.5531538217155,13.1414983978434,18.1027269847201,9.31881381477,13.1492477085375,9.3360327019046,23.561818685212,11.7770625458214,9.5897108044075,8.78067432301411,23.3771555729214,7.05640338707363,19.017472354926,18.6385703956203,18.6126507124051,22.8871451344393,12.9181902304403,16.7032715982077,10.7756515850951,27.3343290186967,11.0387761236533,6.64927721168221,6.49035755418734,10.2344724586757,27.8331424304045,18.7103976352573,34.8931535011094,6.9763624425476
"Euryarchaeota",1113.57670728392,568.218062545948,582.168407203355,3124.82110256449,372.342385496886,4726.14600147153,897.226787479611,2969.66294246436,764.144253443149,514.606302630437,3368.41908918795,1904.10883124427,240.046492749345,1155.22363854562,1563.38928203703,191.81215914498,517.11755915873,328.891417194055,1166.72811437467,2603.52349657548,1386.76425683116,853.109060898124,2622.64279671424,2085.23808031938,3271.41547139125,444.413207034806,626.194071635815,928.870086428987,1910.27648999708,1533.97359163812,3454.77191590638,199.660273196971,651.351182284499,1767.87417718275,2736.32889449216,403.288690233438,1537.67043738821,1074.98572390458,761.148206115609,517.299144535525,1453.43271549362,1262.18451787181,561.655372321673,2963.8164524767,1574.15999066128,1190.31045712872,3588.57628807359,228.059899149391,1088.49690939243,502.613372660436,884.464375274113,1616.82245387946,2568.67783506595,519.801768701671,2876.37836376686,3610.7318636133,2107.13471506485,5018.01018039459,3301.80729420691,770.404772962738,285.946825827455,227.213726679928,1767.87417718275,550.501314924392,592.531999074668,2228.03973274672,1362.19115287646,297.487682723238,1004.53185716699,1179.60603665941,2075.52761050852,1128.29866212715,966.826102766357,1527.89560097104,3708.91612837597,1531.71734238808,511.282345199431,950.890643915375,390.269378070639,3229.77113923576,729.075565584979,1440.69045917792,759.480533668356,2955.5424252965,198.045735061953,2463.20114923328,1461.59281066006,2825.09998409679,1184.7265951011,973.5317736932,850.537651157598,602.954677153666,1215.21739130435,666.602066161464,190.126792896595,867.006122325273,844.610259363993,1531.57467163855,1961.79829457608,1513.1987979649,233.229371853797
"Thaumarchaeota",15.4971699745421,3.73239834869649,11.1010607680289,11.0296906528302,2.6345849146984,22.5920708162462,10.2961810038776,7.95425714849513,11.2009158948771,3.99340220505252,14.1387575426914,9.32127990116309,3.35780967491975,7.21351886088677,21.6304116887574,2.23271476153874,3.07781519727011,2.1901443504231,6.90945338849972,8.33366324874302,13.3338268360615,10.5727826790756,10.8979432178952,8.24855773319071,13.936709517795,6.4150280338003,3.42738856745338,13.6162012798138,10.9374347408428,6.03567284451721,11.8167393891313,2.42999032722297,5.52045539847366,19.6954093085725,9.81010164683634,2.21856087176392,19.0181412743026,8.62105702767432,7.48781119455923,3.23870362511447,12.7663272128663,5.27900140361409,3.6233303302127,10.9846339895001,11.0734365116639,10.637757090426,12.1020294172407,2.419395915041,3.16598824061511,3.23147324817281,11.239421073285,11.6301738113316,9.7141612249116,3.22553082411244,9.04150704212224,26.722856608845,13.8440378694311,13.1040165295478,10.74802651782,11.2393269265121,2.1703743895822,3.68666426009416,19.6954093085725,9.53868069252685,9.46557312149274,7.59221558795265,11.9321567728627,2.7077649741439,6.49963725266098,8.70034500703506,9.32697604619797,9.00809614040065,2.62929708259909,14.2018377992972,7.66746350643406,7.70493001795244,2.97183128489248,6.56021214042774,3.44298443564714,11.595549486389,7.13903173307405,7.78458877063668,3.53685015499324,12.6558754997308,2.10496101038129,8.79464136571677,11.0608408222291,9.36522614959624,11.2382373851337,8.21807242176322,9.56401190049689,7.64387610930613,10.8446730833057,6.76723251435713,5.05420130483464,9.20513686471133,5.09697567865609,12.9528057684642,8.43802246295918,17.9403930202187,1.66885532939374
"Acidobacteria",54.5836525865691,44.1101623027767,39.1620754872132,62.8758110438507,45.4327720254984,26.7842374534441,69.8494743103238,57.0329164356659,42.838590615495,66.6290476603872,64.715592736633,51.9354794097445,57.6362495848862,87.3147157082158,70.8385768218739,51.7550602100948,69.161629903874,51.9519305980232,47.9337639224575,60.465576626153,75.795079160922,68.2929109035406,76.0081507154618,57.7757090492452,71.7900583075246,42.5985975113014,45.6419566655921,90.7452422504779,107.761141043311,63.6589202749992,67.0646568821896,46.2170004954349,37.3138996622044,61.0178018024859,66.5944370026003,45.3989331332278,56.4853313511881,80.1421643412967,44.4351863320234,68.9062116101941,105.164702275925,41.3536489552344,65.0045046809511,51.09846339895,125.763182113102,43.3474198609873,53.9936697076894,60.4084958997606,41.233227800392,67.0584918345659,65.2876901478794,105.459050706942,66.5690967896904,67.6934250437903,59.3523671038282,61.8163532312183,96.4773612652539,64.0018068736485,65.3190989721635,37.2619770640563,26.587086272382,68.710205147505,61.0178018024859,34.0236686390533,61.4200983045916,69.3956742133381,95.6864542745817,40.4739606661509,96.239022337948,74.8260509222674,54.74612009194,37.5252898837088,46.6840088389136,85.2377037452012,60.9264533848736,66.2981405814643,62.7480948438727,28.0567245056782,48.3823131181575,61.7365637567516,33.1213635394623,45.9553984430822,48.4234388015677,57.0991551631302,59.2977084629001,70.3654829118364,43.5905381675447,60.5441255293709,44.9441179198,51.7624422676336,54.9904723334216,47.5561082643713,55.9519858391415,48.8182062680947,56.5344942983855,48.4070696836654,77.7773597029224,53.9708650173326,72.0795794615389,81.5592704176247,45.7430509958415
"Actinobacteria",3393.04975407202,2252.32143866991,3112.10015623715,3643.70205169441,2092.02623530712,1369.46391599697,4224.90357692811,2832.71628719896,2906.74874406206,3640.52869172671,3682.96913908397,3362.81537688488,3094.62750452013,3760.66621257825,6390.83955742233,2346.91263130925,3678.81437205879,2350.28087890208,7219.77796894842,3297.52167544242,4573.00061996281,4991.77672458294,4133.70448198383,6743.7486852882,4048.37188781424,2551.44961104101,2013.67561972954,3546.81137289122,5150.28139748569,9929.32392208662,3734.48234827449,2753.48573855192,1846.42812460903,3532.15572187234,3981.9832952486,2265.05277238544,2946.01751411117,6713.48515712228,2612.01878145725,3701.25751044203,6024.68060044461,2679.66701683454,3438.36421324768,3081.35539537964,7197.45954354312,2352.42187738282,2799.32268891494,3057.0213416187,1754.05799286396,3528.6603483051,5310.9496219601,5245.82401346165,3705.73185786825,3708.37783569018,3777.21074168321,3477.05527915484,5256.90385583762,3416.08703108073,4207.17498509727,2272.49473044907,1403.03852414541,4216.98323335818,3532.15572187234,2058.71685294762,2597.30652096664,4193.75862492997,4332.76186110475,2810.80255710737,4245.04493760414,4994.02116300137,3414.68476340634,3087.73014216377,2243.96520377052,3770.52973146013,3324.56385738264,5475.52862237314,3525.48345326795,1925.03026459907,2052.39268075668,3616.01415304624,1927.42937662162,3077.63905080666,2099.83749607396,3661.74599619752,3607.55633162704,3929.96859653225,3513.59570292325,3146.18587912379,2384.37421343378,3121.22879749544,2817.10514701683,3002.43184644534,3335.62617546189,3122.1621920929,2823.58460470266,4660.27156452689,9898.32097922135,3218.38117680302,4185.91426759537,6126.9500948319,3970.37097833224
"Aquificae",16.2930373958823,9.35361646779392,8.96307869418633,15.62665938434,8.5485832197207,24.7309313454288,23.1871322607454,14.4567331635673,11.9912169782304,10.0703186040455,17.7620473219365,14.2216362488072,12.2135714549279,18.0954234374493,29.2889012371909,9.93741078291424,8.430537279479,8.10637843987769,9.87259841874565,12.8152341739578,21.0417225712726,19.1848102018749,16.4742697559334,14.6218329432089,18.4871187085835,10.5585994281424,7.56740248061489,22.5265935344469,22.9007434323184,13.938001348395,16.8107893692979,8.84705216221955,8.7107469035406,21.3707055702414,17.1854069813254,11.5006280484821,19.3375299063901,17.9985340367684,11.7065078274838,8.7333318442742,22.9620099784452,13.0783287281844,9.0877041795605,12.75542033381,23.3685073528813,20.9772909811204,12.8417376602072,9.65211633474252,8.44263530830695,9.26066494610597,18.5756824758623,22.4754263200016,15.9258617896624,9.31345324048362,15.2633688468816,23.3585802397714,23.439163645747,15.1451145398955,16.731696743077,11.1321496195206,6.61964188822572,10.5146736918102,21.3707055702414,12.1685294762218,19.3151112902418,14.6470097965541,26.9012147604859,10.2610041125453,17.8392184534044,19.0910317445021,14.736052276656,17.5973681632874,8.30745993119074,27.8992387368707,14.6673617822084,15.5114010219085,9.17022225052538,18.0895832132357,9.28445241073386,18.6110680951107,11.8602559236285,9.77774434959197,9.7502355624138,15.6149487999314,10.8477252069081,16.1193331774296,11.6392934614193,17.4523050825495,13.8391496915556,11.4832886964816,14.5121678946193,12.165743194411,14.9518752074344,10.2517046623107,11.309400939531,10.989010989011,10.2402611874419,17.4537417815028,16.268088027966,25.2987348714831,6.78485445392865
"Armatimonadetes",9.36256457154156,11.3329186224057,6.96899925992928,10.0182563884717,7.95902575629168,4.40890450415509,19.2659618784313,10.6182050535139,6.54881924746249,13.0653702578349,11.2429236264607,8.59752077926269,10.3132725729678,20.5572313580487,11.8178698089463,9.31517880019033,12.7127149452461,9.86987129346512,7.5967573816904,9.52135872362326,14.5182333836089,12.7247273955521,13.5905902900963,10.2894379970729,12.7645033479246,5.05726562624794,8.12732239509985,17.3766932602011,21.2770956020549,9.19568697056004,11.5152717175724,10.2625805081747,7.36582009258101,11.4897797436275,12.110944764006,10.9623007781276,10.2552786230285,15.1006997417518,8.08083082801305,12.9771503875276,21.3568657930498,8.25837092488458,12.6718633710682,8.86832835849545,25.9339394449437,10.3361449906975,9.18848470514827,9.11730250089136,8.99542690587467,13.4680864907068,12.8363589815691,21.2236563994172,11.2894306127351,13.6924851540138,9.27919614477597,11.3255070890109,19.3756404057511,10.0883778708169,12.6221571921458,6.47350934228859,4.12371134020619,7.17363420609989,11.4897797436275,4.00777996931843,11.535645550179,12.2240591710048,18.8242035296814,7.24785211124231,21.1420412571266,12.4491644662028,9.95858898619,3.86736785930212,10.6570445581942,16.4038987148986,12.1751182544123,11.3847753507226,13.0123755545649,6.28927192021675,10.1355272150511,11.5016963946335,4.98640308231465,4.51280508442706,8.80798590722255,10.8070503137761,10.4769650289432,12.3317074800388,5.49943187687222,12.5164185961585,6.9725645701871,6.97068642917416,14.0189099518684,5.0427445031155,9.6913375373382,5.66770554826053,6.07379884529015,4.97060071528157,10.4486554230258,10.0564635358586,12.4054653228723,18.2414771147322,10.5329393740425
"Bacteroidetes",10875.7161570973,10063.3263586496,11620.9604473316,6577.61999403254,8531.08073252516,10890.6158207235,14444.8145008694,12240.9580815816,7763.56327534944,3213.95086379027,8184.93700045699,9989.33723026145,13332.3862588096,6268.71979501152,12841.6117802801,15875.6817100399,3192.05120770792,11077.4230249591,18697.2403151585,11869.741478285,13445.1888110594,17534.066793135,10585.5870607392,6383.72577014139,7629.58285032096,4899.04637157964,14022.5834365509,23754.1344635585,21619.2598045357,11566.1883074891,9692.84014280047,10188.1001250383,8925.38783935944,6993.51237963258,7633.14553620675,9855.07577364155,6415.86722724211,13913.5337384619,7526.90169761253,3231.33278238145,15036.3100510991,6019.04148165149,3217.10603627248,7987.79165187012,16368.4584875081,10755.2061976203,10472.693695371,13559.9246167168,5293.45695763606,3123.57674206771,12373.1714431408,16104.3919681517,9216.30347955781,3225.42401845602,5948.64517211487,9297.95206351185,14847.2947006346,11842.9232873389,10065.0842681407,7435.21846307743,4708.73575691808,18507.9224878839,6993.51237963258,5420.02794214333,17370.8863868889,6067.06381195718,13729.2046756819,13030.9255262836,5999.98012343347,15215.8703236127,7909.1094732443,4950.23423752057,5262.78985203211,19171.353321644,5277.75164030315,7534.17057260993,3107.89870300792,7093.57814031246,14782.6019677881,7379.66860473301,9271.66797522917,8506.29160242185,15392.030479728,7419.30211614243,13721.2601062048,7936.3495139144,8288.39995868195,7773.06113313347,11800.6084986687,6291.04857875449,8246.90415738562,7957.93589301178,5476.73415200797,5619.20770776314,17037.9190201855,9713.99561825094,9521.31265213503,10122.4083035205,7076.38768782462,17806.3453952352,11997.537754432
"Caldiserica",1.46320966904768,0.45241192105412,0.61672559822383,1.02154860700216,0.700099487821954,4.35757185145471,2.08700770348325,0.911474239106943,0.991080277502478,0.607691639899297,1.26838458166625,1.28617066885485,0.682631637208959,1.56984852907788,1.9971562586824,1.15295926210607,0.423757164841537,0.483538363080424,1.24716088830627,0.90660754582525,3.42830176458069,1.68246812976248,1.1143556295427,0.787708172024723,1.24573939823866,0.798683769148443,0.509018104077235,1.85946979140696,1.90034665664286,0.839307090081041,1.13050376834589,0.44825064288579,0.484799199299387,1.67055037990783,1.20951855645733,0.309946004143489,1.44595944345079,1.81540795540744,1.00963469239921,0.580733063813629,1.42652663694535,1.07698690842963,0.470053664460026,1.07974777092071,1.13204781205292,1.0234477990789,1.02653388819838,0.4838791830082,0.829187396351575,0.477130278253703,2.89169571302963,1.40311095606493,0.893769865431775,0.341778100568206,0.92745355741357,1.66878788148491,1.5682894871994,0.731951130759933,1.05673874166802,0.94316030152549,0.434074877916441,0.153611010837257,1.67055037990783,1.13412228796844,1.03742109041304,0.997417644728033,2.02154480861792,0.651492324606051,1.39467241761991,2.20496116261589,0.831069657884239,2.45214765576711,0.419568683393472,2.39122473874778,0.890086974212909,1.1169508460395,0.403319960092551,1.40081858534617,0.464222620536693,1.21070488364563,1.17510646152566,1.46290098153511,0.710101189419492,0.919647579611461,0.514280246854519,1.24026993619083,1.50397686189443,1.13678531249816,0.883162073487916,0.664457244418355,1.33958472873409,2.24302838130831,1.70925987387985,1.32892467844769,0.544202368218582,0.974203101862676,0.992766983406609,1.08486686412926,1.06916557915756,1.85253016114711,0.738673670387393
"Calditrichaeota",5.01248177167009,1.62868291579483,3.30976071046789,4.03562271479071,2.22926415859096,5.07052536118225,6.39573562358422,4.51508630815347,3.05013499196883,2.73461237954684,4.56991503688574,3.70177436233133,6.73406885354784,5.58528753527294,12.1234902838838,5.0510596244647,3.30084528402882,3.28521652563464,4.58354384862926,4.35488340789422,11.6474354822293,6.32625011418265,4.92135833128656,3.24929620960198,4.30385660155371,2.92957206523649,3.93640667153062,7.85080611651292,8.65597460635676,2.96738626930292,4.90678302261008,2.66591171821549,2.4396346803453,4.29027711203603,4.40469624143094,3.24627656971338,4.64565283036399,6.82482591686625,4.00100588140358,3.41739072167251,8.11744345185654,4.80230228021081,2.95742097222766,3.82950542753213,9.61019005915425,3.92095729647114,4.12123163938468,5.24626903682575,2.36192773506206,2.66759201023661,5.87782270841509,10.0988077404527,4.61967299195048,3.63139231853719,3.92420047910666,5.0909155637833,7.50323804179266,5.12365791531953,4.75984031503459,3.37965774713301,2.06185567010309,4.56224702186653,4.29027711203603,2.41343414420337,5.75232108063504,4.93698962048031,8.56520742608297,3.33889816360601,5.73107668048088,11.0633540851531,3.91315084626636,1.78338011328517,2.96495202931387,6.66196182286021,3.87823610192767,4.20785845998879,2.71710288904456,2.10411022078746,2.72086035925673,4.00283436337102,8.20494688622786,3.40340716783874,2.94965109451174,3.83107074615344,6.24312299669904,4.94019977950757,4.28468133457287,4.55892140867137,5.7008111843645,3.11846498147265,3.31261649973779,1.84260386621264,3.64531474720655,2.85165087250233,4.12217655926489,5.48584591137783,4.10131433086637,3.80460286303934,3.97792487539504,9.21087201241157,2.84526154519589
"Candidatus Bipolaricaulota",1.65105415358758,0.950065034213652,0.370035358934298,2.44261374842596,1.01330189026862,0.399253965447421,2.15332770994945,2.39614361827083,0.871467140562524,2.73461237954684,2.39687380506048,1.9269510379259,0.885576178000812,3.76893386526548,1.31237027473156,0.677134804728963,3.10011820594598,1.05240702552798,0.910336414822097,1.59547092125579,1.21447937004377,1.68034380131581,3.00193761427831,2.14381939999911,2.81589009810198,0.50796287717841,0.814428966523576,2.04645558048699,2.23969427390051,0.811788824832482,2.15787385957953,1.34475192865737,0.719379457024897,2.43938322520633,2.30872271688598,0.946150960016965,2.17184269819516,1.6747777616787,0.934568916012656,2.63563467423109,2.67684947609542,1.74789678581202,2.60488072388264,1.72279755449127,3.4585825241137,0.881113999206997,1.78133821775602,1.12056231854531,2.18603949947234,2.99290810904596,1.1562585906236,2.54714658020562,2.72041202790796,2.6487802794036,1.95743966891306,2.54100768087436,2.34491846648345,1.64375311079231,2.61926696652757,1.03604730091815,0.651112316874661,1.55147120945629,2.43938322520633,0.482138943677405,0.946795799756266,3.04690595581303,2.44556497822599,0.570055784030294,4.39603396242666,1.70961586646879,1.83785118629257,0.75320788875491,3.07683701155212,1.66367157280018,2.79741620466914,2.64818891497364,2.52605659215861,1.51611229607425,0.941340313866072,2.42610242187903,0.462763164052141,0.680681433567748,0.873970694670144,2.02989569385742,0.801320384633785,2.89813917749641,0.516475570705506,2.62108530601907,1.21876366141332,1.05987045121946,1.42265975067109,0.654352256375865,2.18774200685917,1.55436725782721,1.18223273095761,1.11275643190537,1.19826685460739,1.86193429238928,2.77773410271327,1.34624862642368,1.01225651127161
"Candidatus Cloacimonetes",1.53241553177291,0.689928179607533,1.21289367650687,1.65369502222627,0.700099487821954,2.46396732961837,3.79474786998792,1.62561900376805,0.927001811284645,0.954944005556038,1.59480708430094,1.30922032241855,0.553485111250507,2.42288605624209,2.16222400183045,0.549028220050511,0.758302294979593,0.469316646519235,3.13610894906213,0.973910289401797,6.56744177438906,2.16681501560319,1.84209808148896,1.584367573277,1.91618942159628,1.15968883280354,0.984101667882654,1.95815673564365,2.69389800776845,0.8668253553296,1.34867116223721,0.684172033878312,1.4856749655949,1.76546801512987,1.1898195571665,1.37028759726595,2.22410629253676,1.67264700116766,1.21606557746225,0.714748386232159,2.2954768726481,0.882776154450516,1.09679188374006,1.3052950830686,2.37811482819749,2.61961969764234,1.48444851479668,0.611215810115622,1.13071008593397,0.802446377063046,1.74383101417099,1.89561059695061,1.93277733399621,0.769000726278464,1.63586029473449,2.03814626592024,2.04178263908548,1.81105622639458,1.90574251702524,1.12893430031081,1.0851871947911,3.079900767287,1.76546801512987,0.630067937760245,1.51201142832613,2.01305296333238,2.36534494613798,0.468260108310599,2.12679261784319,2.15484840892007,1.83785118629257,1.12812302620691,0.867108612346508,3.20123393016945,1.48135903565434,1.81149119030405,0.806639920185103,1.24517207586326,0.644753639634296,1.85829121675841,1.20110439209039,1.37264487984656,0.68278960521105,1.38661888946598,0.526240252595321,1.79567701199345,1.38415452949076,1.93194602331293,2.3094688221709,1.04356475196993,1.43823631728428,0.758527739977993,1.46033853302356,1.61764938537234,1.82651829333133,1.55439517141645,1.6497876983725,1.52890539456356,1.69808650807377,2.86701096368005,0.766031954475815
"Candidatus Gracilibacteria",4.17706814305841,0.395860430922355,1.0895485568621,1.65369502222627,0.128965695125097,4.72260404843521,2.47871024167425,0.850396068445138,1.71303099689006,0.542581821338658,2.37355791201515,1.19397205460002,0.0368990074167005,1.52443968732769,2.40900844950725,0.0183009406683504,0.312242121462185,0.284434331223779,0.409651386669944,0.728453224593214,1.24686548657827,1.36381886276201,1.43274295226919,1.19051348726464,1.82102877311971,0.741178537769756,0.220574511766802,2.7164879913571,1.32345570730485,0.499915152015484,1.69377231257438,0.165144973694765,1.06343050168898,3.62110778372068,1.39862894964936,0.212068318624492,4.01268263222689,1.24862565947038,1.03590771413451,0.469053628464854,1.19963407540074,0.436974196453005,0.411296956402523,1.41087042066973,0.988166435461058,1.35217109878305,1.66560155389051,0.0509346508429685,1.25634453992663,0.347003838729966,1.68927071769873,1.44671769510168,1.1842450716971,0.363139231853719,1.06261010598138,3.82263677385477,1.89898311708809,2.1958533922798,1.25544175292184,2.90093244257083,0.651112316874661,0.138249909753531,3.62110778372068,0.441047556432172,1.55970894972443,1.12949578033129,1.48980059592024,0.142513946007574,1.573561516317,0.711215619759844,1.39619702524552,0.516774919190589,1.39856227797824,1.74855277549407,0.915518030618992,1.35658757300797,0.551911524337175,0.576468553640399,0.296586674231776,1.79728670711735,0.743540814151194,0.424955812116882,0.628166436794166,1.31037867561219,0.119600057408028,1.76644506063542,1.10319181902696,1.4489595174847,1.05096286745062,1.12509324821758,1.10074404066522,0.494833547110107,1.43821219161412,0.668417472195415,0.356546379177691,0.489266446713255,0.147612583538592,3.44634450325712,1.35742100491082,2.34538756426803,0.109433136353688
"Candidatus Saccharibacteria",10.1831483724264,2.95198778487813,3.06307047117836,13.0272733249384,2.17399314639449,3.53624940824859,5.73046305872015,16.1434303379972,10.1073100714261,6.01180658043233,9.35433628978857,18.6886591094536,3.8928452824619,14.2778372417372,3.55631098109075,4.9412539804546,5.84338827307804,4.03896750337766,5.69415427471222,9.46989191971179,6.61139436111445,7.1951004488706,13.1630415995779,7.23259321586337,11.2678858764296,3.54615593501909,3.83460305071517,12.5488240671487,10.5197761349873,6.09070937501433,6.67988893296311,3.98707150777361,2.86187914425122,16.8526261336725,18.7731463241667,5.02438785664182,10.446911802281,5.7210919721467,10.4003633183577,5.89667418641531,7.79400086412273,6.78413474695222,5.71898625093031,9.52097590002975,12.7185707421293,9.70919849126172,8.5947052992296,3.84556613864412,9.54821850344238,6.09425491769503,9.79147474382892,11.083807022224,10.2615952674886,6.21608920408425,10.0342085884996,13.3236024457755,8.22976192563903,13.3466060471711,10.6125471919652,7.15229895323497,1.84481823114487,2.07374864630297,16.8526261336725,1.44367740521587,5.76424546098462,10.7211010762091,8.87233554893422,3.35925729874995,12.8568257785817,5.84970028718463,9.71639154303516,4.49898164942395,8.95079857906073,11.830014478308,10.2232846752454,15.3083190499013,6.04979940138827,10.987490632386,3.15929283420805,12.6373188048747,4.56523660716607,4.95656425106239,3.37298064974259,12.1889041898763,2.81060134908865,19.5436474793706,4.65654374548084,10.1014860670173,9.16722232280457,9.22902577523409,4.87027316105651,2.80948257339488,4.80418187852639,6.67626445601101,2.01417428237222,2.48530035764078,2.10709727090382,9.80416891629369,16.0741707415502,8.01228883361556,3.00941124972642
"Chlamydiae",13.1194542623397,5.97183735791438,8.03799029685059,12.2484689413823,4.84542540255721,22.312593040433,15.0650039688379,10.420875579068,10.8762516660401,5.99010330757878,13.6491237887394,10.2294362515731,6.27283126083908,16.7396451623366,24.6424894176868,5.3072727938216,6.17793340321609,5.16248311171158,8.91674518318244,10.1468783403935,16.7251158960313,13.4193827976131,12.6172347606182,9.92691321335703,14.6850182535426,8.35423222529272,5.12411558104417,16.9274079614394,15.6387044230046,10.4248361516623,13.0702102340341,6.29910113950032,7.00613036406856,16.7292332078839,11.1614529981877,5.25276912285281,17.0960024157395,14.7107705682312,7.0674428467945,5.65097942864801,14.5259514401643,8.84100318682192,6.61992244114536,10.4999472123312,13.7474583219088,10.0887552909201,10.9446627785857,4.2021086945449,9.14618825066586,6.65813615563122,18.6218488805696,16.4782171513,11.3061887977119,5.74614431580296,10.8218450267051,21.0534279128136,16.4019029915247,10.1636642728379,11.6015462707058,9.33871601586224,4.2322300596853,6.25196814107635,16.7292332078839,11.9219811527504,12.6756163115984,9.87397924096062,16.8095347238139,4.54008713709842,15.7190513577351,16.3714511497022,9.26523944304086,14.5372500143549,9.98573466476462,17.7013685275051,10.3313666649713,10.7105432036587,5.77384363921968,10.2784343114083,5.3127699905866,12.196209273624,8.19974730011491,7.86732353051784,6.19972961531634,10.7308100999223,5.96804286466058,12.1062038552768,9.437041627931,12.3220459779593,11.6709868011428,8.66240272631292,9.57439627823902,8.35031610748306,13.4998340524394,7.34072679523486,6.53042841862298,5.12647321157959,5.64690491144692,12.7862913195513,11.3572637746786,17.1598756541867,7.52352812431604
"Chlorobi",61.2471885118268,62.1727082508624,61.3641970232711,59.0576466958971,56.8554478794355,36.0811512202912,80.8420153820965,68.3746628954812,42.0440176343939,62.0062505425818,59.7586338751947,57.5457650871507,90.863805763625,96.205118225163,77.6177946295782,85.4836938618645,60.5526685549881,66.842067837588,56.4454094010442,65.6835187457936,73.9097445198064,80.983649043946,70.4409209580729,60.0940774191816,65.5354084122013,42.876539462965,66.647437093846,105.426223718109,110.697803115733,48.4367332150048,68.1515271717573,76.0138721777903,53.687601651445,60.1255760313988,64.656055472382,73.1798828730363,58.2564864927644,78.8892771608043,44.7204362822924,60.7759487168033,105.372284832232,50.958253515656,60.6956794234008,54.3569022276396,124.229352343773,52.0501150531549,56.2228584943163,73.2694952376101,45.1530227649631,57.8195146283806,79.0431802777119,111.584514990458,63.8039962685108,59.7043619430085,55.2836889348732,62.8532267682476,97.1938641300127,66.4737104066721,63.2959410393974,40.9202958093673,26.3700488334238,94.3094801035338,60.1255760313988,36.9137628753013,84.0644965884348,67.8426175153825,96.0508824203529,59.2654424040067,100.413101307547,85.4075516064992,58.0371559371616,35.9175456906714,51.4950630751587,90.9174687940321,62.738416153807,59.0156210652868,58.1417563522894,40.5660921196749,70.8584249958091,63.7121713382043,36.7870717490888,49.6182919032755,68.156058392167,54.7452385603942,89.3412428837966,67.2334881234758,50.0650759219089,66.0749100290381,51.7930397996988,51.9295756849413,54.8347066672897,45.3814450441769,53.8057307224251,47.793826828458,67.5686664539899,58.075494245707,72.4227855941696,59.178225965153,65.4706687001777,88.6146104412896,50.7496169840228
"Chloroflexi",77.4809065968017,51.1904088672736,47.6317737028205,83.0438102751607,52.1942591841999,53.4544023453319,80.3197453311752,79.6130462972533,55.0903933563446,85.7062244986544,86.6092163062029,73.0213024898236,57.2488100070108,111.715481171548,85.8809877915243,47.4726400937008,82.8333742221826,80.1678162554221,60.6921287761893,71.5388574369532,80.3175690055612,75.1884810414308,94.6520026562599,83.0718828463119,96.3761094866516,70.7729661517819,60.9973361385887,90.9270339898612,126.51140207994,72.2629645427152,90.0039666798889,59.8296647557034,57.4408857750532,85.4685846356824,91.8091560948704,76.3445947048172,72.5360618800957,84.7019918349257,73.4143293060544,84.6306761073016,130.265295334461,87.7920885601038,81.2017705354694,68.8639133898321,155.136700881477,51.7247806534477,71.2635927679681,59.7208781133805,63.4453992662948,83.2809212951918,78.5689253929915,127.241899406948,95.4266913198188,84.3551074464904,81.3502605258988,81.5303007378267,118.879349435441,80.7153881223153,87.1899781426687,52.1810581972777,28.3233857840477,123.257475095815,85.4685846356824,38.67795310103,61.7539809543797,98.5758333447194,107.53609901444,50.5110142921129,117.516886799641,89.99479598327,81.3450981137093,93.2863169485285,67.5785292719085,95.5544076383382,89.2693657494532,88.8199312770607,80.2818994247384,56.9320343575258,54.4945776218907,87.9966588299335,93.5457537580009,60.5167161821669,52.2060932144369,85.2699141821093,52.9230254030522,94.8994420873284,57.4734015081087,87.3145361268016,76.6761312202209,71.4882619347527,54.9852801445505,60.9133585524817,69.4960725743998,68.3961144773687,102.566508410116,75.9661929874696,170.020752592627,75.8952674575262,98.3213052205678,89.0959614458941,51.8986649157365
"Chrysiogenetes",3.39603054944512,3.68715715659108,5.73554806348162,4.10136594197402,3.4452264269133,2.40122742076235,8.28585580787094,4.80168387818194,2.11031748744062,4.14532511502735,4.08960764015183,3.9092212444047,3.80059776392015,6.35075086763323,5.17593606485038,3.71509095567512,3.85842050092557,3.92519377088815,2.76287101898507,4.32717051348034,4.97126888804582,6.85095924051009,4.93500350226055,4.74415149060345,4.94835372078136,1.51110969122885,3.39345402718157,7.65602925288789,8.80476548469281,3.09580484046286,4.56564855216184,5.54415268832425,3.06518203427999,4.09095007806975,4.95626822157434,3.14839888419439,3.21130751898911,6.75451082000188,3.00638434428168,3.79710080185835,8.01123842304842,3.91069836421579,4.23048298014023,3.27283546563523,9.94410344256554,3.27028849705674,3.31107499232616,3.74369683695818,3.04035378662244,4.12067058491835,5.22519762368924,7.65939545669081,4.90456213655686,3.61003118725168,4.80504833011754,4.15639435015175,6.57879903096745,4.6133834127326,4.2134070340866,2.0720946018363,2.06185567010309,4.49312206698976,4.09095007806975,1.84637300021915,6.6347252265036,4.68649660468103,6.66284666513867,4.27541838022721,6.24124188787629,6.21012663107376,4.27882149573542,2.27313412166841,3.58031943162429,6.33698807540361,4.27877524032348,5.1867135650634,4.03319960092551,3.87963336599988,3.22376819817148,4.23277443817193,2.60499264258565,1.95554886991839,4.42447664176761,4.8269585396187,3.95876190020571,4.7063441686433,1.79733498605516,4.21729680698799,2.58766487531959,2.60075903030007,3.45280559925648,2.74111741228099,3.74488328354907,2.43636191048743,4.49123333771197,2.97889659591787,4.93778563758506,4.09221872934338,4.48106161852801,8.48596890587574,4.78769971547385
"Coprothermobacterota",0.766207765886453,0.644686987502121,0.513937998519859,0.874890638670166,1.16069125612587,1.46583241599982,2.82481777541973,1.10880371355278,0.649328457674037,0.607691639899297,1.02123611538569,1.04184434107955,0.71953064462566,1.97852810482955,1.45292300652099,0.384319754035357,0.713696277627852,0.711085828059447,1.10605874400885,0.835345817332436,2.07733804628439,1.90764694510948,1.09616206824405,1.01596451732734,1.26304133432531,0.712425922080412,1.57795612263943,1.94517161140198,2.37282295451698,0.729234029086806,1.14637048790163,0.495434921084295,0.766295508569999,0.953922233981463,1.00070916397447,0.473075480008483,0.807182179275743,2.20959864995014,1.8803976984833,0.692412499162404,1.99375804080687,0.692979281243655,0.685494927337538,0.926183643500878,1.65870794523821,2.25022959797479,1.61528126525334,0.560281159272653,1.28147143072516,0.650632197618686,1.56546081416553,3.1140341876834,1.03900746856444,0.662195069850899,0.86686613909007,0.876669900406739,2.73573821089736,1.04564447251419,0.979967123683593,0.521596227358794,0.651112316874661,1.14440203073756,0.953922233981463,0.69307473153627,1.23059605207615,0.910883693815555,1.57918863167545,0.488619243454538,1.74582509284013,1.11211764932637,0.878559352620481,2.93176882259759,0.58739615675086,1.30717052148586,1.33513046131936,0.905745595152027,0.7005030885818,1.21058396264484,0.502907838914751,1.07461790060019,0.941125086443119,0.755894851641533,0.436985347335072,1.43903403649047,0.430560206668899,1.68292519961247,1.11145542815825,1.2428067406068,0.768351003934487,1.20254531965285,2.32610061423594,0.735739352940028,0.887819449054099,1.11534749798288,0.982066342647326,1.6756293352038,0.98118952587417,0.822480459781715,0.80187418436817,4.16339852986582,0.766031954475815
"Cyanobacteria",1125.87063446946,168.240683142001,203.601677493627,444.646731297316,167.360624930911,4290.36029818567,1238.96134579873,438.597645201605,897.74785550733,183.284139248199,776.400585695233,406.093406416102,177.521124681746,354.393305439331,3721.38689590926,153.782804436148,182.773156098758,191.139870582379,460.070369004866,391.666336751257,2875.80849626634,2077.20446873732,479.523146758362,343.230409115932,633.523366264685,176.91803907161,164.837029370345,2454.31054184326,2171.21392473792,242.10569765682,526.667988893297,136.59848538467,213.968472413362,1263.51033890342,393.156567646364,190.421037177207,1777.8913381803,1130.73494191547,299.189664943907,182.32784615041,2045.56678485999,241.536383619206,186.239178972933,596.332696682055,1998.60462212135,670.775143096302,550.554277979339,174.171038557531,216.116387758179,180.160055520614,3946.52251556543,1856.08750076953,370.819531105984,182.338616653138,422.755702208178,2141.69121639061,3714.82684931644,490.863158599171,551.093769757402,766.896502447215,600.108518719478,172.090415440979,1263.51033890342,186.346701731317,2787.74126002542,345.753232498508,2005.23263809306,153.71147033674,326.141329013493,801.00418248752,662.580969929525,230.576187146828,182.987888450673,2342.70421811074,293.150144957021,386.521855681827,178.416013925152,246.993716492765,157.784110691305,527.49660955706,375.098142187882,204.734684667745,178.45389121796,792.955404239909,168.719800985504,434.073597701533,913.732052473918,533.647078226143,887.533725751681,315.503051203972,1608.57126538835,239.626400671932,1120.70195818122,209.954278662849,222.153415026241,236.181470224023,199.488276377066,1000.4087172837,407.095276279723,3203.23368152974,151.811118406653
"Deferribacteres",20.8408512321115,8.21127636713227,6.70175150069896,16.0919191459449,10.1330189026862,15.3484631574144,15.1976439817703,20.2497627347986,10.7865418133352,8.13872732007987,19.1003795827388,16.3145447923918,6.90011438692299,16.8985761084623,18.9582754506676,13.2864829252224,7.73914401052702,8.04949157363294,15.0478609370093,21.9446533908706,13.7178336463991,16.295723514404,17.9388514404752,12.9792823799528,16.752599615897,9.19125281536029,11.2832346403787,20.1788830715532,21.2457712066157,10.2367946724638,22.0944069813566,9.22452638780758,7.25634930564244,18.7747082469187,15.5700890394768,10.4565994029461,19.5233560196047,14.393287252086,10.231465321488,8.33128587701861,19.389659009445,11.4407789616787,7.83422774100043,16.29699302243,25.7031862938058,11.4849820896635,13.8632395195419,6.64697193500739,7.66370169355244,7.74252315166236,18.5525992735087,20.0975764913505,13.8255026058978,8.288118938779,11.1853695366461,24.0883968066075,18.6466112671328,21.515180666452,16.4426741812533,14.1545496766818,4.12371134020619,8.34875843900491,18.7747082469187,12.2671488056103,12.3989706874882,15.2481930344724,20.6303002521201,9.67058919337106,15.344709354906,12.846211668562,15.367665216648,10.3794073638737,7.8599200022377,30.380195032752,14.4448400386552,13.7120947499249,8.42726442930226,26.9095520839338,9.60682923055101,16.780932805879,10.7423449093452,11.0939791658832,10.1599093255404,15.5482386128093,8.03712385781945,17.6728025924565,12.362359260407,18.0530931751651,20.9486043831334,17.1169077871943,12.0303016142515,11.0556231972758,17.7287310543202,12.4191175307314,13.6613560021768,12.3615549147464,11.8668939707496,18.4931956141103,15.8645304319114,14.8643491501566,9.84898227183191
"Deinococcus-Thermus",93.0176227786154,73.6526607476107,49.5230655373736,108.021179433496,78.7427687092376,34.9974618855054,105.154515252565,101.582394452223,75.4758894091111,131.521833492491,107.756731298322,92.5120895432942,91.0114017932918,157.678959488826,93.3923872718061,67.8781889389115,129.558177398131,92.0713930171372,66.3498695943086,90.5103131557069,101.900602381768,89.8187310536457,127.500477580984,107.164116312273,127.169230236863,69.1851828187148,69.1416258038244,128.666999085847,159.694378315165,72.5794245930736,106.116620388735,88.706443013188,64.9161766545727,110.550569743105,119.75415648885,76.6219148137877,93.8712225035423,102.061297718382,75.4748848678655,131.603046614996,184.482962541004,87.1564897288994,125.386814994712,85.348062692555,225.358956887167,53.6361202517275,87.0138431114041,89.3393775785667,74.5514849992462,127.176906894532,86.0961478332218,166.544396790544,118.815531485837,131.477763062332,104.103166391693,103.042089055422,151.417598412671,102.519166663181,112.696219223613,63.177449894609,35.0515463917526,80.2310309602993,110.550569743105,49.2713127328512,71.4461173025144,130.893986801295,149.571395828558,59.2654424040067,180.144635149058,122.54688433591,100.549930665046,48.4552483052822,89.5359570361668,120.878108167754,110.580591017751,121.564868443499,125.135324460294,50.8041736323284,81.4581748313969,109.864429208959,41.7838740036293,80.3316911737054,78.4388698466455,110.090868804887,80.5625986700474,127.497243844586,65.0593946906311,106.999181278972,76.8086055312441,94.9725452788886,75.5619246405707,65.7510075722555,97.5743998229893,109.035105760256,64.4660874351805,89.137418924653,114.883111094388,94.6760789379406,129.437168178697,94.772451380672,75.4541475158678
"Dictyoglomi",5.46726315529301,1.75309619408471,4.44042430721158,4.24296673898422,3.5741921220384,8.18470629167213,4.78125796617265,2.198814143825,4.00276818974061,1.21538327979859,5.15281236301913,2.75673856621935,0.996273200250913,2.78940027894003,7.84807230294017,2.10460817686029,1.09284742511765,1.4079499395577,2.63542392090997,2.61293004473653,4.64740772270082,4.32300838897304,3.65235743070527,2.7435517582452,4.17841756492552,2.22034087823267,2.42631962943482,4.40974819247071,4.02257444764649,2.64175346386164,4.47044823482745,0.896501285771581,3.94094832978857,5.61912400514454,3.75462926483335,2.39800329521541,7.14849829272258,5.70830740908045,2.99137118900437,1.11679435348775,4.48957621779755,2.25549307462107,0.90093619021505,3.834304306514,3.66490298866052,4.22595829619664,3.45197180051025,2.11378800998319,1.90964370068848,0.954260556507406,6.36466843078292,3.85791385360448,2.74834233620271,1.11077882684667,3.24375716562736,6.36809455574642,4.36415381262197,6.44535252857746,2.92183746093679,4.01557643528277,1.30222463374932,0.929346615565404,5.61912400514454,6.0733070348455,2.81892351463956,2.56413759809079,6.70181068072427,2.21914573068936,2.28911791110537,4.64313937127768,2.97285489048876,6.07970493165398,1.17479231350172,7.47197101428187,2.32058389705508,3.20057187883317,1.27364197923964,3.01493053553929,4.15221343924486,3.94652250831773,2.78697815653874,2.03828362979956,2.19858252877958,3.09249367444476,1.18404056833947,3.27815454515084,2.983162896395,3.11585197052604,3.87266569224451,2.51107768442765,3.72799160942278,2.41556902602434,3.87487553932957,2.23465012893733,1.28857112474745,2.48530035764078,1.52822439428189,4.07708105216948,3.11315859813525,5.97373856311931,1.1216896476253
"Elusimicrobia",13.0255320200697,3.80026013685461,4.31707918756681,9.39116714456936,12.3991304027414,15.2629087362471,9.95007347013216,10.7638529989382,7.53989952496497,11.003559336748,12.9682997118156,7.36666927896074,6.62337183129774,27.9134637215789,11.0938598068217,3.82489659968522,12.1774427370252,4.60783616582521,6.37235490375468,8.3970070074033,10.1530475335659,9.17709888961352,11.5074275214002,6.88349527598878,11.8431752513106,4.68028688720988,4.1230466430256,12.5410329926037,13.5634632251598,6.12740039534574,8.54819516065053,3.93988722957511,7.25634930564244,10.4267022291407,9.06941927350091,14.4206456664655,20.9402801328657,9.23258529434326,12.783701718631,12.6867838556208,19.6213790722991,8.43492615577468,12.8285479258882,7.1119386511311,32.5932039124876,13.5827111877756,10.8440222013113,4.25304334538787,21.986029448716,11.733067297057,8.40648260261008,10.799080667337,11.1441930096024,11.66317768189,10.5002656525265,10.7736945628666,22.3268305270304,9.25604487069561,10.1835293267581,8.91000678789611,3.36408030385241,4.34719160669437,10.4267022291407,6.22123602892834,7.61967904337851,9.54606111118702,56.9035067614027,5.04906551569689,26.0316766215137,9.51949578860128,9.03253993883327,5.40755977532113,21.4819165897457,36.0405586638244,12.9952698235085,8.29386773677327,11.0170031204228,13.5585403816222,6.97623438084308,12.0648149451663,7.7057866193851,9.22868639765334,3.70071966024389,8.4864888046011,11.0869253217242,10.160191093442,4.54498502220845,12.1983543118326,6.64137879262913,6.02903229751379,5.46737488122868,4.32002708562574,7.39019803075561,4.48116565678938,5.32317488912659,4.66751530581318,5.30536991423998,9.54682840433745,9.74827439820129,10.9291608575335,6.67542131757496
"Fibrobacteres",1023.8167033293,560.380026013685,222.267905599868,524.196036189118,253.786064335458,18.7763436321844,1494.00322066531,66.7396472500728,457.110146611531,2203.01241427207,580.999412439495,449.624982136518,279.436183166673,4746.75813304791,2783.50303168974,271.604260458988,2176.37219260878,239.721254355401,154.088093254862,1313.74559562928,1057.93876248022,8618.28579440324,647.945492090349,113.125634977823,244.052459470215,28.1488107598677,230.432495715764,386.832045209009,1417.34014116861,243.495370051872,1028.59579531932,676.268667280062,295.11760290254,604.297870522854,271.318257032543,140.617608195625,1496.74223595271,8397.81298741147,393.183276846337,2208.57251345737,602.672504724917,50.3800351344909,2235.81025500411,491.246844737069,414.074313373638,516.976694534721,871.200189204285,466.968878928335,5582.99412030755,2129.93124986445,767.919385063489,579.27448646652,337.197025980773,2198.10313154185,146.188119273324,1692.42681808877,975.233051325155,567.42524687666,848.398634368395,672.194633989497,93.2175800325556,34.0786027542454,604.297870522854,13.8614946307254,637.849414155193,385.690928053851,506.206738482695,2323.42522089662,4627.19180555418,894.308347628318,752.360237828391,108.046489477044,5861.96190316355,2820.22646304879,648.657240221759,278.754376416497,2109.02375342291,1828.79460425434,535.300261769978,288.762500058658,12.7181876322645,49.6634199541198,150.213713146431,1247.90458537236,531.670095201646,568.845421441219,100.411114554282,1672.49391849308,348.469259336127,162.95100545018,672.814218290005,18.7027547904445,1007.58103772541,141.775696498916,17.2393301932231,42.7090639856597,17.9653197259616,694.294609473158,386.545284927386,1262.7831293185,1861.45764937623
"Firmicutes",6385.74853555452,8739.80659390376,11224.4058876737,6733.42638528566,7784.42462876303,6963.5081875581,9316.07493331731,6454.80215371026,5397.96999419021,4184.91188471222,6460.16712832134,6065.95427870719,8619.36828899302,7205.36473030392,11765.6757154297,9360.21741517514,4150.76833864888,7704.10296522791,7257.07900354576,5367.40963616929,9424.62594035403,15956.1177472771,6531.6658934403,7922.03031781339,7836.25015139195,9020.77855693816,7035.83487452704,7434.20956951716,11105.691120578,6679.44890087463,6863.35581118604,8910.65656923113,8353.99724759164,7982.29311514933,7556.41793396895,7735.94231741734,5656.0126361757,17248.6725362016,5593.48879455624,4198.67771548547,11634.3143620578,5793.88059569735,4191.93857965451,5409.31078500062,11757.5001560977,10802.9524096774,4473.30257086355,6912.97814903479,5669.93316247048,4061.61486911449,10571.1770544575,10489.247091174,6584.48080349911,4187.95659418122,7020.19425258428,7235.32134179446,11671.7089094375,5990.84851957656,6087.48803265955,4367.52527598156,2716.11502984265,5749.56028848147,7982.29311514933,6155.3117466579,5182.38339744675,7554.35470721921,10501.5608526243,14913.1886477462,6956.52663625551,10325.5787059345,6726.34538305187,8077.65809766033,5772.3420323907,11042.9886913986,6690.61212552769,7437.33296507802,4044.70483347131,7030.10318787109,7146.75882345356,7125.43934978579,6963.53530258991,5882.32860742356,7131.13657157683,6741.64097530294,8268.80112902454,6751.66622122741,6036.31856213201,7029.96872367871,4757.44836813728,6408.1520343398,5862.22526830636,6720.64367426931,6970.59132647417,7086.1704820516,5301.92597596752,6170.21276595745,9645.04672951296,6755.55678899592,7202.97898879997,14979.3172486667,14139.1168745896
"Fusobacteria",162.806792061099,41.3165186902675,80.071540169394,102.30657583987,32.4625078300601,260.718543065244,111.819675902418,67.9236240967478,123.833771914835,18.6865179269034,132.350335282542,86.4269810024755,33.2091066750304,65.1746618663034,216.982365535163,39.3470224369533,19.2251934786003,30.790016354974,65.6216004624509,70.426382675482,140.847220808543,102.683664126678,92.4505817391225,86.8090210488155,125.555824696784,64.150280338003,35.1222491813292,123.275575500706,96.9202898550725,64.8559648133115,96.152320507735,34.8927737277939,70.2176904791693,221.072664195644,105.496020802143,36.0353012185772,203.392487979373,104.581987402944,75.2759605604411,18.8291527998034,104.607125874683,55.0057821838116,21.1915860394062,89.3695232793619,96.7507241576831,240.459399283587,91.7087260412526,18.7694188356339,34.5746017387808,18.174326053482,122.460585431981,108.909113295438,84.7628996128859,18.4987396932541,88.7605678439268,244.626503021619,126.329977127024,84.3416831529945,84.3765241424159,114.608266942946,18.7737384698861,17.135308258896,221.072664195644,129.185842647381,92.5403461409128,86.0147472070029,137.066238826496,41.0643755853251,52.6033333002057,96.5614941310256,93.1415382861919,153.806401929293,26.796453246063,169.905490843743,63.7429428818473,98.5800508517258,18.7862191937846,104.594454372514,36.4801609305085,121.821313098607,78.7009354055417,60.1519311045091,46.8393669174781,105.76900168205,29.409654116634,89.8590184745933,92.6846400165272,93.5580202265324,115.031860071801,79.8082449768255,98.4698619396979,54.9395456646722,125.196371280009,64.4053853090541,29.1179542995115,33.6597996172464,31.7482829183297,143.833162613974,92.3046283339361,175.810098398885,42.077040927993
"Gemmatimonadetes",15.0028423836476,10.0774755414805,8.20245045637694,18.9138207435053,10.6673053539187,4.37468273568817,17.0214441595908,13.2210747878708,13.5675472471891,21.1823943050612,18.4941663635601,14.5166718144226,16.2724622707649,26.012779345464,14.8201415333322,14.9884704073789,22.191493632491,11.9177984782763,9.84984000837509,14.9570450136585,18.7122354748267,17.4556068462857,23.3014036332542,15.5393339390332,20.3384258698548,10.8876571410316,12.1824999575818,26.1052937754508,28.3068120118615,21.7164976586543,18.7782625942086,9.22452638780758,8.21030902039284,17.5123036984657,18.9031597194863,9.52676139051565,18.1354672365334,20.6364155494379,12.6673497652318,22.7155971499408,28.798459061582,10.7831107266131,20.3689921266011,15.3708093789291,36.3069722743302,9.71936519125257,15.5992894775244,14.9493200224112,13.2418714508267,20.9069812834804,16.4499293863855,26.8335351213806,18.690962310842,21.9806040927928,14.0143359152895,19.1665850814814,23.2988693785214,16.9812662336304,20.1367437995629,9.68882855203458,8.03038524145415,30.0002304165163,17.5123036984657,12.9109138724523,16.2529304164709,20.1487473072001,24.2677057070823,10.0777718962498,29.9506729874148,21.5272825395602,14.7455502156032,7.55234457065461,16.6708623535006,24.229945603275,16.663699710086,16.7867558061136,20.0386338067036,5.67821525335793,14.4811667461863,17.7288490326093,7.06103794137987,15.3961866797037,11.2114053175654,15.905614615249,11.1945653733914,20.9634851167608,13.8498089040388,17.5818868280156,10.3418278805435,17.1169077871943,15.4571462691527,13.0903006113799,16.2600951432681,16.2911927098989,15.5128950940469,23.0821188267997,24.8075971276328,14.3757474228105,20.1307107330598,18.5521498746761,11.4357627489604
"Ignavibacteriae",7.95867421340122,4.43363682633037,3.70035358934298,6.45800777792949,4.03478389034231,10.0669035573528,10.3707910111521,6.73739205607916,4.28044154335122,4.18873166073444,7.78284509853296,5.69326443023561,6.30973026825578,9.740196555415,9.45462271397519,5.2340690311482,4.50520775252582,5.07715281234445,3.66410406965894,5.76032305316917,8.15667477861776,7.53499300033777,6.92265007413876,5.52738404801439,7.44848348530201,3.75061897992109,5.88764273716002,9.00907919886978,9.68706928956271,3.94428468562675,7.05275684252281,6.20473258310331,2.87751782809959,9.37311647817606,7.37136553463084,6.78618619598375,8.98353116071636,10.5813566978326,5.11948594956331,3.90878023720712,9.11432247225997,6.21474412733163,3.93669943985272,5.76345365722567,10.8046769591621,11.4883709896605,5.89753782827698,5.83201752151989,4.62334790693,3.88210544579149,9.04441837674724,10.1193285588229,5.90446717350866,4.18678173196052,5.8396950122573,10.2218820367222,8.71578135138453,5.47081188019424,6.57977925901841,5.35886534957665,2.27889310906131,4.80802463920614,9.37311647817606,4.06530791146176,7.50282011595267,6.50826399231214,10.8526243410497,2.7077649741439,9.41155424811918,7.35115548445541,6.20690310202686,13.3821060773406,4.30757181617297,13.0911066326172,5.90000508621128,5.95842505869069,4.16056379884948,4.73857151092408,5.98331377580626,7.59271512301794,5.44916624636679,3.65161144748223,3.87824495759877,6.93785946069579,3.58800172224083,6.38926936825577,4.66067555004648,7.34492893619277,6.08498668633174,4.35769812443694,7.58059575175107,4.53488902055513,8.81458125898883,4.32691547089813,4.6225925300406,4.13495094346158,4.03474395005485,7.24590147390517,6.88144316389155,11.3683217342444,3.66601006784854
"Kiritimatiellaeota",8.9374428433723,8.09817338686874,5.4477427843105,10.7869464293842,6.79833450016581,3.78720904367268,9.08376838566742,7.12735268415068,4.80161306858959,12.674711346471,12.8144148177163,6.72127897917694,5.44260359396332,17.0996724076417,5.30177978982464,4.70334175176604,13.6271383009568,9.7703192775368,3.34548632447121,9.16109109624292,4.86254406825143,6.40697459515611,15.6919466200911,7.00881248517453,11.8475007353323,3.42475600210853,8.92478409148752,12.9020194465221,15.3698366954851,5.32019794805469,10.8171360571202,5.92162691391228,4.81671462529714,9.2212482618208,9.41218186116145,14.371706823706,11.7244663306311,7.72187609201476,5.28087736879441,11.8826919211096,11.4749706125858,5.19955154971354,11.0854322535156,9.51617702104788,17.0838774130671,2.76534239751119,10.2099865644829,5.27173636224724,7.48781345796271,12.709015593485,5.23149304251296,13.6181280909483,10.7643408167939,11.9835946511727,6.68325829814602,11.8773196151553,10.5571436087193,9.25604487069561,12.5273216640474,5.82330034653996,3.79815518176886,4.51616371861535,9.2212482618208,4.64058733289503,6.02419695260536,12.1466340570304,10.9741003896402,5.96522659717415,18.8197957351514,7.47065512788389,6.35887012518284,2.87434938713197,9.73399345472854,14.4055526857625,10.4076598341895,8.67972348358692,11.632596743722,2.89963682481121,8.89760022695328,10.5303168949643,3.00536077328245,4.46015569177541,9.21765967034918,7.50013103786756,4.67636224465388,12.139611799686,3.23107117033364,10.5314618587912,4.98103409447185,5.12406598916486,10.1714979984112,3.28152773346703,7.80230113950658,5.6716606812321,3.19015181369513,4.18690844222759,6.33865799901013,7.0945247021662,12.457875400282,8.57034916166298,6.48391332895601
"Lentisphaerae",27.1138683605625,19.001300684273,12.3139544445358,28.1431584057773,19.1421938907108,5.45266844239621,18.3706417911376,26.1132671183319,11.5084925327227,65.8043232919524,36.5593202950859,19.9195106097555,19.2428323678093,97.6938795368298,14.4262670175037,13.6158998572527,64.8794522381069,19.3273128066558,10.6554877354927,28.049408131755,21.5945998463973,15.9749499189569,48.0082598768296,19.4554967260879,32.9774901811513,23.9988498953724,18.0701426947418,34.6728787501039,39.3643236018878,17.9877727174746,32.6894089646965,16.2077995611862,14.1530088827724,26.3254061288317,28.8432747616421,15.0894765175119,38.7389375391977,21.1115751434002,10.9708632188956,66.6279511290791,32.337017521416,26.0065855101122,59.1288338752008,24.8054054572852,47.2853927825844,10.8275354902552,31.8275825630136,19.3042326694851,63.1690034675109,61.593181374569,14.9537181792809,37.1606369662022,29.8463274437623,65.9631734096638,19.2574778855923,37.3140970300026,32.0697663348874,27.5548231396939,48.9531964088947,18.5345289557358,9.11557243624525,25.3150945859799,26.3254061288317,7.32248520710059,15.6066290015239,36.6038612359781,34.1920696768279,17.7328067103709,110.768792465456,21.9802247364262,20.62477442395,9.37963366400173,74.7671393807166,35.0607870670149,37.9113473373684,22.936077918491,62.1537285868942,11.6331354124633,18.9170717868702,37.7664841224032,23.9648923945654,9.64236019705915,17.7525297354873,23.9060720565321,29.1465339903363,40.1772291450907,7.97851461625865,40.1997914911914,18.4448399047951,12.0009946476542,25.5611458122401,12.5629122256441,24.9806394512667,11.2404879052034,10.8465161665635,10.833138492713,23.2417459963705,20.4207265075865,38.0864032536176,18.6691315929266,20.1083388049902
"Nitrospirae",15.7888232531699,9.51196064016287,6.57840638105419,16.7291227324908,8.18010980507756,10.7684498109247,19.0338418557996,16.7025305155937,10.111581969174,15.3659171803108,17.4309616406928,14.4521327844443,10.1472270395926,23.722876325776,17.2569336623793,10.5413418249698,15.8574391685438,11.6902510132973,9.05329564540576,16.1091096242923,19.9729807256341,17.1284602654986,19.2078523410565,16.5776765294294,19.2138000242227,14.4210341357443,10.3839693231756,20.65154159395,24.3938729482521,10.5211500800323,16.7988893296311,12.4330573053059,8.74202427123733,17.4031484179603,18.7770861240249,12.8872285933345,15.2551624817077,19.0212990820684,12.0330439547654,15.3447544169217,28.2529514136131,13.73599696325,14.8654471385483,14.3006593659721,30.128217309744,10.7699241903071,13.0329547570285,10.3397341211226,11.3573546409367,16.2224294606259,16.2253927816728,25.3996429377604,17.2050699095617,15.5509035758534,15.5197002320964,17.7114020488265,22.1264101452797,15.4295298364194,17.278130024025,10.5533921617663,5.86001085187195,20.9295002265762,17.4031484179603,15.5407626561473,15.2918253602952,19.2742989611371,20.7517763007105,10.2406449774014,24.6469424871548,20.4961162615886,16.189236935585,14.3616140941071,11.9437218539342,19.9301063925246,17.5410711560958,16.1937564478526,14.5832006622938,9.01596817893584,10.715805490722,18.273196964791,10.2275858841636,12.8915798578466,9.87313769135179,16.3011107246156,11.8284456776539,18.0402899809575,12.0813965499432,18.3534872214729,13.6625172768581,15.983661689352,14.0864084071922,9.16744255698725,13.6630158203341,14.7486908509864,12.6167376631825,15.0503554758874,20.2952830543648,14.9358414782446,18.7785307358899,19.4419780266143,8.72729262420661
"Planctomycetes",130.596406238414,92.9706497766216,66.6680371679961,144.619928289311,86.6280997826007,59.0610687458292,150.618952185348,131.318066922882,89.9106318991149,160.148450386318,164.530930863714,117.922027631925,112.50507361352,217.725665726055,149.337277526272,103.674828886205,163.458750585454,93.9344378866529,101.384166518737,140.860683320797,151.638737496646,145.703439500188,189.808876638558,126.306320015396,166.604668062356,79.2837403958277,92.4885895108336,192.514854982133,219.372572359354,117.957043987947,155.454184847283,89.7444971335551,73.8771424996872,143.529702101002,153.337010479868,89.6396469878142,144.601751411117,143.681442780557,94.9807268619127,164.168769962699,213.672449208652,96.2226008351062,157.820517842454,127.995700204432,267.689943777673,92.0323572171709,133.660750678066,105.612998522895,100.633197648123,157.778307922531,133.4523866982,208.886540395231,161.381321327025,167.449908147135,124.143620144851,154.445205906174,197.990284621995,145.352946835252,165.492512509258,87.2637633525061,50.4612045577862,122.420295086752,143.529702101002,70.595003287311,132.19368055539,164.719652771136,203.625945450378,104.727391180423,238.644683184093,164.940346548966,125.049864179473,83.7242921365772,120.080557187212,176.121220058156,148.174050150043,141.929928596379,159.905750493536,69.4644607136681,90.3815652039356,153.576506694072,63.9601087753415,93.9942085668083,95.1125920058993,132.229120902684,100.990288475338,165.511308589183,84.7350480322281,149.18392950753,109.110258369065,105.334817151965,121.725675893186,85.482495263271,136.840358446731,104.822889145533,110.748309532299,106.040925189861,155.783374192111,120.929857049869,168.461711817948,159.317593858652,81.2814620267017
"Proteobacteria",6836.69888034801,4084.35220268054,3710.83792451279,6170.28507274743,3964.44231548694,4505.19885699293,6835.42897645433,5768.9177887823,5325.05724342982,5772.13733831063,6810.86613879484,5696.26549512961,5106.26914136007,7342.88540754435,7328.77898900095,4224.58914388199,5789.0135379263,4501.61416482971,5065.30298271726,5993.60228037532,7403.8965124779,6835.14361522463,7659.34375824397,5758.00351783308,7073.25639739086,5375.92128172773,4075.84369750751,8685.136707388,9998.87493213049,5104.81707233176,6557.11225704086,4441.73921249439,3689.43137745528,6721.87234527238,6666.20439681664,4455.91425914749,6400.72239901516,7217.19481117201,4598.28174437852,5846.06106631526,10396.6540588424,4502.14073217454,5529.67213756905,5602.94555191909,12209.6786015816,4559.76494589621,5718.53346550794,4622.65063922989,3415.12136288256,5590.47040707891,6497.04220238933,9666.83425335002,6569.88442438427,5857.43580980047,5699.50038682737,7205.99962619151,9336.10748545072,6618.90859812538,6684.4867139941,4667.01439748492,2447.42268041237,7469.71174893804,6721.87234527238,4808.19636204253,6088.66492252732,7109.51554650745,8864.43502177403,4105.33816523473,7930.9786227527,7238.18784572982,6076.46790646428,3822.13485461061,4228.55304746718,8224.18095702342,5591.62173846701,6309.38726107406,5555.64754080965,4203.49916412058,4217.12723568324,6460.90314830197,3797.23174035347,7105.36647737957,4236.42272870036,6166.59439729728,4679.42400612351,7118.9823940133,5810.33364321866,5904.84576827248,6346.74267748244,7828.98990269573,5026.22055379886,5781.29984959664,6075.07744219494,7769.39597209257,6104.1553291173,6182.5396825397,8776.39587958283,6287.87825270837,6892.4125930934,7768.38578652945,4012.83103523747
"Spirochaetes",216.994982574953,299.451450545722,114.752076309514,170.497473942925,220.697151700505,239.198754327628,287.806030561088,161.932325386907,151.801886470045,156.61081691119,197.527582701473,155.340835227247,270.949411460832,344.461743050825,356.946737051988,212.126203286849,150.768338648884,233.634359667212,129.841282846076,182.152895997466,298.116515994115,257.194569366759,183.190968716171,153.728410754007,192.929563818191,212.715045604843,145.579177766089,244.128126817917,285.391346113687,155.184670491706,222.352241174137,226.012692570835,159.420743150256,280.552800307533,186.281616893862,226.668406714409,239.785370839237,276.446999463048,176.599745527018,153.13484175024,448.192462822206,222.124135982839,153.550863723608,160.234569204634,341.805141180207,201.825939318357,156.254560276158,245.937961595273,224.885672646867,148.474267496584,270.493162125921,323.880076337444,170.408396967886,147.306361344897,153.91534539489,303.514689783458,289.6425251966,185.940682680363,175.319279611265,149.233682255011,73.0330982094411,151.660150999624,280.552800307533,106.574621959237,219.663780171663,174.702938055354,310.540912216365,157.762938230384,322.745748899335,279.467262879941,172.5063161294,185.951152948488,218.567312802439,283.985827264327,172.327195971721,166.210409169557,149.058566303679,161.007667031763,175.205354034223,185.059526323446,138.475377359962,134.639539693881,157.137199743271,187.236435198201,204.288858058652,187.101192663615,140.609441173432,179.51194802594,160.139362975196,178.681928801164,185.267683297248,118.265217759316,195.273260316407,129.226059580123,139.766180637655,102.213389447432,148.188562050831,204.656349498691,178.230950247113,267.201586348809,142.892317793828
"Synergistetes",36.4072270693789,34.1005485494543,32.9742619850341,45.0745679911398,39.7398577692619,23.327838838285,41.8810840834057,45.5455220304263,29.2582276750624,57.7741123361403,42.1458082687483,38.0641978951056,48.5406442566695,80.2795887256333,45.4606370634285,38.8711979795761,57.1403082275799,44.5993031358885,24.6974269341235,39.6452749515024,40.6468895448363,39.4190386564047,49.6047448807867,46.2196721164734,52.1739882692873,35.7618644473907,35.716103636086,43.5728829053436,62.4060268136825,33.329205593546,45.6525188417295,44.6127350366858,33.7951957963218,43.9848321618915,49.1726420297849,37.8134125055056,36.5554807089266,50.0046876731243,34.7967406439893,57.6712604141073,71.6932219467864,41.7817953901429,55.7209448078656,35.8476259945677,86.9912232360279,24.6406918778234,32.8843086243943,49.1774053888861,53.8218000904568,55.8676180355245,37.6717862411523,68.775522767848,47.3865610528609,56.6710813004657,45.6083442856743,41.6395952188115,65.0514454067406,39.575551995717,43.181777127477,24.6293451466543,15.3011394465545,53.2646180078188,43.9848321618915,21.183979837826,24.1587945882392,53.5872877071691,63.9399495759798,38.0105053137343,87.8477985046196,48.4860166143053,43.0779020952453,26.3724089479746,66.068082011692,51.5204648579695,50.33441839174,49.9744116715271,54.7666051073043,23.9119156050037,35.9901481643864,46.2320329987471,25.9875313925012,39.5735399195216,33.5932485763837,45.6107079380358,42.1111802133665,50.2455483914075,28.3276521020556,49.0349105002444,30.8930093306073,43.0062817706359,30.8052565720131,32.06651604628,42.1091934948556,43.1900520495499,29.7184534644423,33.3220758752674,58.4024845223865,36.3253793249605,51.969832759443,42.7290108908062,44.1015539505362
"Tenericutes",325.331817395388,169.405643838715,136.501932406874,197.583683542447,107.925863148974,471.895372646541,220.880854035883,112.083141485233,223.46724308807,43.341435888532,261.954058364343,162.016014899296,82.7091251245341,193.525996561902,475.986729207185,317.210204604517,40.9706269375739,82.7561686695584,120.446611045112,122.304921018251,270.204310129452,209.172000501342,172.465864330613,126.561430048381,240.925134522553,107.276009136942,62.9655394743539,270.672317792737,183.842876832477,107.912877172223,167.143990479968,69.9978767074811,116.461278618791,407.490899771723,175.395949885746,61.3203699776513,411.935843534413,245.316588396731,147.759474239302,42.9965826092783,172.14145544337,102.247548089231,46.0848446864351,159.058843854076,171.161828542265,227.408745395332,163.057863299904,176.7432384251,111.739283381074,40.8597020104535,291.761185385395,217.030740185919,156.923644123184,42.2095954201735,157.312901391646,489.355358366635,231.295141559421,152.810483213224,157.865026463628,228.130470508378,44.2756375474769,31.4902572216376,407.490899771723,215.724304185843,188.014089847821,147.012073763362,320.776988310795,101.897471395415,151.853655466221,225.939132278396,173.86927036833,190.433246528657,89.0604458616542,425.356682939606,122.425105538884,174.333688049844,40.1409497123692,172.813743010319,124.888779997163,215.406923542579,120.417214789703,113.591064645933,79.5176774228789,197.605104282318,125.627900301392,169.344870210136,169.97830802603,189.625214251636,189.226305865521,141.109521305434,229.011874535948,98.0747068436782,244.512667330457,108.228258634055,47.3268404361125,56.4648117839607,51.4357494522415,244.518899389952,169.436539257768,374.786412477539,343.647406434669
"Thermodesulfobacteria",8.62107318519983,2.63529944014025,4.56376942685634,7.27221236073814,2.32138251225174,11.5156250891192,7.87757326806339,6.3803196737486,5.74570247086566,2.73461237954684,7.72688695522416,5.44893810246032,4.81532046787941,8.37793130290941,10.7228659682612,2.28761758354379,2.89939112786315,1.86304486951575,5.01595364566976,4.89330535650659,11.1061246772955,8.2785079566722,7.10913407744999,5.94809182170942,9.29113967853003,2.88484577416418,3.83460305071517,8.5338236516247,7.45520611452199,3.69662029838972,8.1594605315351,2.52435888361998,3.75328412360816,10.630775144868,6.79221495548026,2.8873917228104,9.69199321734687,8.57204953592036,5.22082474768516,3.28337539925398,8.15606346233221,4.6169192877762,3.30996122057268,5.54270522405966,8.07907503278052,7.55046919320458,6.33029231055669,3.03061172515662,3.64339916578722,3.6001648268234,8.01196968965684,7.22589316861956,6.1390817631845,2.56333575426155,6.09136582683184,12.1176250700891,8.21222514223584,6.38679643811667,6.72429053993027,6.02336465292415,2.06185567010309,1.92781818600757,10.630775144868,5.29531010300241,5.47806033259482,5.63837006471829,11.0634884253954,2.66704670385602,7.54978251723464,6.74787502650194,6.20690310202686,7.67056105543678,3.4124919582669,9.78073972755559,6.98718274757133,6.51486966199037,2.63219342376191,5.36692223439211,2.02452642845169,7.02959657248509,4.20646516537284,3.09503215373623,2.88137213399063,7.16181508889132,1.81792087260202,6.339157451642,3.68556967255449,7.4332801262833,6.06290763449454,4.43922662068459,4.39778397378983,3.8382154739659,6.4608916915588,4.64728124159534,2.17680947287433,1.96572536998069,2.10999163528693,7.77067428260025,6.44119851365021,10.7949195415084,2.16130444298534
"Thermotogae",39.0024469215749,31.3069049369451,22.4282542554066,33.0890719584907,28.3724529275213,50.9391023630131,45.4685819331867,30.008175078227,31.8726290967499,18.274155742686,39.3618906391353,29.715613374331,33.9839858307812,40.1024942428076,57.6723813882034,27.3782072398521,17.374043758503,22.6694161985352,23.2317853062599,28.1602597094105,49.347188422426,38.8943295300773,34.0037660671888,28.8050556542677,40.3956952783017,32.6661661581713,22.5664692807574,41.6822488157567,43.512195631291,23.4547347468549,34.910749702499,24.1583504376342,24.8811460027524,49.5707349947083,37.1956504609566,21.8919756610822,46.6888109451581,36.2484978138397,23.6194465400307,18.8514886868732,49.2622371123818,25.9359634177562,18.958831133221,28.3805702987782,48.425584823501,53.8462320515384,28.2548420697741,19.8645138287577,21.0312075983718,17.6104448155458,39.6359569141536,47.1337546941372,31.0696749470721,18.0715170675439,31.9062666032829,53.5391653390532,47.0937792018759,32.1598413966464,31.3905598005744,27.0015362080669,9.87520347259902,21.4056943601717,49.5707349947083,35.5632259478413,32.7515030681431,31.8399395173227,55.0653220261288,19.728001954477,36.9306605976884,42.2546884335909,33.3520126132629,42.6389972539999,19.5239294005762,56.6691160956587,30.1675906617161,31.9366709178493,18.2343076694475,30.9102438461982,22.7598034790906,39.8265594864359,29.0916843019296,33.9927042984468,28.8820003004274,34.9799631187965,29.6727742429316,32.8734172986336,29.0837723375684,35.0518621485831,30.9989887794259,37.0057844468088,32.7627117764036,25.1030360642502,37.346498506472,34.2514515338006,22.2560003002496,24.718780037929,23.1896474374745,38.3689657434366,32.5833451256008,50.3865191034981,17.0168527029985
"Verrucomicrobia",114.575249017524,74.0259005824803,59.1028698297837,127.268773484239,68.4992077821585,42.184033263559,137.589143414941,107.713703122504,68.4058986364102,138.011112075701,137.90884418455,96.3752114805714,91.4172908748755,185.971911387889,128.63353326687,74.539731342191,136.851261235141,89.6821446348574,83.6735715683731,119.426738984124,129.276124029573,120.972007724058,171.519799143083,105.181419038369,143.385469834074,53.5086177978691,78.6432970799328,202.726356685781,219.189846719292,78.8168980494136,129.932566441888,80.284049354755,63.0082572250719,124.736010327039,128.319281380506,76.1325263861927,137.470674316508,146.643199890905,73.3655365514032,139.800317169596,196.095516940909,78.200725641999,130.204865055427,109.875133168892,250.546342019606,74.5252998329272,121.337311990822,87.3529261956909,88.9994472084024,134.810991346592,112.916730495219,212.4238164618,138.958869828005,137.373435297133,100.053130505299,141.477611541782,171.324352830061,122.085266032867,152.432305496848,76.8675645743274,44.7097124253934,96.3064232444181,124.736010327039,41.1324786324786,120.336076735772,142.571515756011,183.616777446711,68.1216661916202,207.676992542975,140.728176859472,100.649659023992,59.4223604792158,112.47237839501,179.594073836946,123.772951528406,114.794115496779,129.104841962258,55.779097250245,83.9727140259707,129.573578477609,44.0664923072123,63.7396111466285,92.1083177429707,110.505424967717,88.8030426254605,147.41673069856,59.1385187480632,129.110539118962,83.0702246322734,75.3527126568914,121.331069538986,55.2878824379668,111.240181436,74.1429226850607,73.6737412974535,69.2030585647607,102.935174920911,105.31786599119,147.157015350912,157.071928414859,77.4513022543226
"Chordata",849.576114090808,71.322739354182,215.216676260176,363.570160666333,63.0089539039758,1122.32571138501,341.792588324777,228.784732336663,546.546597860634,75.2669502560986,654.756908499109,310.405074611729,45.9761632412088,159.518017579709,931.568797293543,56.4950038431975,73.9344737605103,69.8997368982436,274.206983190638,277.896987212479,571.547871306826,413.088412425622,341.966178169546,250.146576378601,500.320085817603,118.202003098893,92.3019495393386,530.681251558215,411.02566512133,190.050312561629,417.655692185641,53.6485243116993,174.027273864632,978.373016814659,295.618942557718,71.1570773723104,1104.35878376809,304.873475440854,207.406740156062,71.1398003171696,437.026452293425,131.555716416988,80.4771044694269,415.827662658003,403.038883263338,478.045011369759,447.659351774042,37.92084755259,53.2438816020906,70.2032141230562,544.478183226066,418.927376823788,314.327689549037,72.7773742897424,311.717606703765,1374.49380100928,544.489566866503,357.727521780774,347.00319731209,603.958415204887,87.683125339121,77.8577408428636,978.373016814659,234.623602892834,461.929030857911,257.502265823188,445.516846206738,64.4366627305672,137.582280703498,287.934390840931,355.208669718671,237.75023896618,51.6349193029566,579.658583550993,169.02115863893,281.556907630196,71.0267677089304,196.097307891855,71.6321293633703,402.578144430523,206.662749645128,161.163551577601,106.283029947152,448.502118048441,49.8851839448883,300.696555640931,442.016320628034,292.866524912091,496.367995972781,248.983951115514,336.479799789197,174.760884710295,554.91757937825,164.901358983689,163.829933632332,163.14654612527,173.436102564696,600.183670483043,296.562423022699,823.931007634495,53.9505362223681
"Apicomplexa",481.133987493512,312.616637448397,1262.93068004276,168.140832106969,445.834408047459,646.255282985507,158.500670453815,109.447383505135,331.123338231776,28.8653528952166,362.64141089132,144.899342162887,111.564148924394,63.9810580260128,565.388072629807,107.335017019875,29.4622744608248,274.123586716917,114.556734441213,118.120273961756,333.486781837866,208.124706577133,153.530915409037,100.759511799958,265.51118570168,37.1004584444835,635.000084836351,267.280603340813,198.212943240195,59.5908033957539,194.9821499405,130.700450609857,992.884398848993,597.871946618322,125.719013474115,593.367155511329,686.644909525911,130.453681528011,75.3059868709957,28.3889124656586,224.242263325714,46.9857608206287,32.0615770300443,201.735274639844,199.995113462682,210.952247010143,229.042857789832,72.4545408241227,29.5994773606714,27.9988722375241,326.448943104103,201.281012086762,123.390515984515,29.777417012005,139.873046055759,867.707396957911,311.746388048933,146.590989890709,155.119312126303,340.673788003287,46.6630493760174,20.3457783853947,597.871946618322,90.8064869603331,255.563319652094,99.9376044669736,226.154022461609,297.467323588094,54.7400642013099,112.948364589557,162.310278669529,77.1582108103909,26.0132583703952,300.47703235914,59.5913229235542,115.411484691681,28.9329002950604,59.0246152072405,288.372512862835,195.533531363357,93.9305231303588,54.1875070512579,565.691187917355,238.093422852051,115.856575611156,122.156148732169,245.726681127983,171.943196074851,267.615771508308,101.368455809517,191.368505220746,57.2574501748195,314.058524173028,60.1536173646158,41.9348583510043,51.0958702448064,35.3749214903661,338.200937526806,130.689769028789,464.223730412754,72.9919019479098
"Bacillariophyta",6.76734471934551,17.5988237290053,29.1505632760464,6.39732172206798,22.5505729761598,6.77591015645052,10.2340059978156,5.68026987154791,5.46802911725505,4.10191856932025,7.69424470496069,5.47198775602403,7.25065495738165,7.22973630436898,13.122068413225,6.29552358991252,3.9922385529808,18.9148830263813,4.19665087232987,6.13642662021458,9.48450555653228,8.63114647881938,6.88626295154145,5.43787175573886,7.69071059051508,2.53661965081546,35.8688090673092,8.92078035402643,9.7001211209957,4.03142585891385,7.06862356207854,7.7854059027532,40.6449393219067,9.18802708949309,5.61421479788827,30.8151579908974,7.6885554342524,7.15083227505561,4.35756831923973,3.99812378548614,10.0556852276046,3.63703775633613,4.46550981237025,5.84983347889933,10.8535423323443,7.68263629308563,6.26487593532836,6.468700657057,4.3972058897432,3.77366674618838,9.43263587087676,11.101762738298,5.70895501544546,3.78092023753578,5.09400370981423,10.4799878957252,11.2886780021094,5.58792406111583,6.55719937137593,4.63005966203422,2.1703743895822,4.70817748216192,9.18802708949309,3.25991672145518,9.42026047616435,5.71579517869261,9.88539995415998,13.2741561138483,7.3013254357109,6.26602162558063,6.28288661360485,2.12451911222798,4.16771558837515,12.7127789863244,4.5585168607904,4.84553585209134,4.13933643252882,3.06681270536692,17.2793975421991,6.60725765958545,4.2480618542764,3.25298033169117,30.7255322344973,6.09445209493813,7.98928383485624,5.49143086225905,4.55738043590538,7.38026941222898,5.33871473423445,3.83591574845198,8.92537266935622,3.94890192529316,6.3585573625401,3.71782499327627,3.37780780273602,4.84070696836654,4.20840581304143,6.97846917716633,6.48836758331892,16.5557897320735,5.30750711315386
